-15.00009	0	0	0	0	0	0	0	0	0	0	0	0	0	0.11742	1.07674	0	0	0	0	0	0	0	0	0	0.38798	0	0	0	0	0	0	0	0	0	0	0	6.22413	14.44948	9.73286	3.52421	11.05588	10.62622	8.34676	5.93645	7.17591	4.92598	5.42875	2.49638	4.75533	3.30617	4.25889	4.0105	7.3404	1.01154	3.37052	0.34914	0.97528	8.44515	11.70484	8.63664	2.64027	16.03349	11.66667	12.4787	9.77352	6.79237	7.68486	4.9463	2.56829	3.89222	4.11295	4.50153	0.37607	14.47679	8.51426	1.92898	4.33897	4.90221	6.25203	2.21453	1.24234	2.78554	5.14333	0.97303	2.53472	10.37868	11.96483	5.2637	2.14385	4.10099	9.49592	2.11185	4.78901	1.17778	4.01577	7.90607	0.58303	0.49078	1.99063
-14.687565	0	0	0	0	0	0	0	0	0	0	0	0	0	0.24862	0.97222	0	0.03744	0	0	0	0	0	0	0	0.38013	0	0	0	0	0	0	0	0	0	0	0	5.9879	10.38643	7.12293	6.37095	11.71035	13.15978	7.53694	5.97371	6.69047	5.04099	7.11794	4.26454	4.32292	4.26379	4.2987	4.37672	3.23802	0.75884	3.27383	1.20828	0.50082	8.70663	11.23614	9.32591	2.2854	9.55021	13.76126	10.50238	8.76359	7.0844	11.40839	4.35629	2.56395	3.71	5.03554	4.97744	0.03059	11.62299	9.36445	1.20261	3.92574	2.46577	4.23331	3.03133	2.86562	2.30731	6.51494	3.1735	2.26606	15.60643	11.53911	8.68835	1.09022	1.71763	11.60479	0.58311	6.57906	2.04111	3.65983	8.99892	0.43233	1.39744	4.11965
-14.375039	0	0	0	0	0	0	0	0	0	0	0	0	0	0.001	0	0	0.56745	0	0	0	0	0	0	0	0.52198	0	0	0	0	0	0	0	0	0	0	0	5.67874	7.42315	7.50947	7.43864	10.54371	14.50547	6.75349	7.50854	5.3125	6.03137	11.24889	4.19704	5.92331	6.90537	3.52968	2.67306	4.00754	0.41861	4.58783	0.38767	0.16664	8.20531	9.29129	8.56827	2.83022	6.16607	15.44581	9.58047	4.71782	6.67556	9.93353	4.57747	1.1197	7.69	4.96843	3.79703	0.15581	8.894	7.95028	1.91761	4.49322	4.33364	4.85337	3.62673	1.55182	5.0268	7.39031	5.38509	1.92515	13.92074	7.05199	10.75895	0.87499	4.1522	9.30909	1.11042	4.10193	2.68333	3.48989	5.4996	1.02152	1.16559	6.47741
-14.062514	0	0	0	0	0	0	0	0	0	0	0	0	0	0	0	0	1.01998	0	0	0	0	0	0	0	0.50929	0	0	0	0	0	0	0	0	0	0	0	4.78131	4.69374	8.78352	9.28187	10.84928	10.29323	6.86987	10.7673	2.1173	6.16008	10.49812	4.90745	7.31046	8.73956	3.65953	8.04037	5.53565	1.25884	3.57081	0.65188	0.34724	5.67854	12.7495	6.36873	2.85749	5.97002	12.89425	8.7774	3.30364	5.44593	6.33067	5.16133	1.93794	8.44778	6.20344	2.6176	0.1393	8.66083	4.06167	2.59554	3.91535	2.3866	6.02484	2.87674	4.2178	6.55779	7.00776	6.32356	1.65125	9.91992	5.52019	7.07523	1.69264	2.18829	5.68118	4.34498	4.61621	3.38556	4.08049	3.32845	0.72573	0.53148	6.47455
-13.749989	0	0	0	0	0	0	0	0	0	0	0	0	0	0	0	0	1.58295	0	0	0	0	0	0	0	0.99431	0	0	0	0	0	0	0	0	0	0	0	4.18438	5.09599	7.23356	11.32888	10.66647	9.24347	9.21912	11.48923	0.51947	7.16065	7.73879	5.27654	5.4271	6.93138	3.8119	4.34862	6.33317	0.87173	2.02413	1.20062	0.5839	6.45062	15.0956	8.12208	3.43142	8.84149	7.58122	6.6224	3.00387	5.00122	8.16869	5.82981	1.58778	7.1	8.31782	2.6865	0.04071	4.64685	2.63595	2.60808	3.44693	4.90288	7.72131	3.45683	3.61258	6.6022	3.63507	7.61732	3.2438	7.99795	5.49094	3.12814	0.74097	2.80984	9.88603	5.82164	3.19801	3.96222	3.04767	2.422	0.55471	0	4.79298
-13.437463	0	0	0	0	0	0	0	0	0	0	0	0	0	0	0	0	0	0	0	0	0	0	0	0	0.95926	0	0	0	0	0	0	0	0	0	0	0	6.2735	6.73926	5.74447	9.62037	9.85366	9.30029	11.32794	15.75968	0.50283	7.89714	7.22122	5.87681	4.50821	6.13484	3.26229	3.19894	4.55734	1.52062	0.56602	0.85331	0.88175	5.36593	16.80863	12.54054	3.09882	6.96903	8.84066	9.15494	3.10492	5.4424	7.4933	6.64176	1.42683	7.74444	7.99386	3.0368	0	2.29027	1.95564	2.62571	4.24356	6.38875	7.4199	3.9872	3.0302	7.96373	1.52007	6.93288	4.03643	7.71384	7.64895	3.12977	0.22751	3.49121	10.414	4.54546	2.30597	4.59444	1.28326	4.74383	1.48009	0.05098	3.76499
-13.124938	0	0	0	0	0	0	0	0	0	0	0	0	0	0	0	0	0	0	0	0	0	0	0	0	0.69277	0	0	0	0	0	0	0	0	0	0	0	5.84887	7.8849	7.32606	8.57577	8.8824	8.56512	9.57641	13.99014	1.82256	7.74514	9.20125	5.22233	3.51998	6.54492	3.04303	7.24803	4.57264	2.60093	0.533	0.50295	0.57195	4.73567	13.94797	15.69146	5.19471	8.22736	8.39202	11.09953	3.72238	6.33264	5.79057	3.78845	1.83392	7.32778	8.55531	4.73696	0	2.87895	1.85876	3.06844	4.89504	4.07233	5.29281	3.65206	2.7342	7.46305	2.93744	8.24841	4.26164	7.84327	12.62753	5.49893	0	2.76141	10.61767	4.39813	1.34934	8.38778	2.19758	6.22522	2.67033	0.92806	2.07178
-12.812413	0	0	0	0	0	0	0	0	0	0	0	0	0	0	0	0	0	0	0	0	0	0	0	0	1.14792	0	0	0	0	0	0	0	0.00783	0	0	0	5.20838	5.52094	7.44776	6.87876	6.40557	10.4767	6.50587	16.74368	3.95354	5.99895	11.60306	6.02143	4.52578	6.42017	4.03976	10.37997	6.66342	0.92408	1.25813	1.18895	0.44245	3.68814	12.86121	14.52393	4.07997	6.2766	7.6646	9.4976	6.62447	6.42414	8.07904	3.1472	2.44179	3.69333	6.08281	4.07728	0.05085	5.5095	2.56024	2.22098	4.79152	2.45945	4.05561	1.83492	2.89549	6.63889	2.64734	12.57318	5.63128	8.1741	10.39876	4.74511	0.17852	1.16215	10.42992	5.41936	1.60043	10.69889	4.78054	7.02415	2.73341	1.94627	1.87351
-12.499887	0	0	0	0	0	0	0	0	0	0	0	0	0	0.04344	0	0	0	0	0	0	0	0	0	0	0.91461	0	0	0	0	0	0	0	0.86288	0	0	0	4.80062	5.62973	8.14618	6.2904	4.661	12.18093	5.94743	15.80083	7.08545	4.25016	11.46193	8.17766	6.19179	6.59797	5.43932	5.45375	5.88845	0.77685	1.04475	1.2457	0.41283	2.88393	19.11717	10.01067	8.24946	4.46735	7.55001	12.47756	10.0523	7.45687	6.53191	2.65312	1.61361	4.60222	3.92426	5.37784	0.21798	7.78197	2.14131	1.32083	4.05348	1.75708	3.7378	6.14723	1.21717	6.41898	6.09563	14.47517	6.21563	8.07778	6.02256	2.99036	0.28583	2.19852	8.35641	4.99696	1.98234	11.68222	6.90645	8.74971	2.93594	1.88616	2.36561
-12.187587	0	0	0	0	0	0	0	0	0	0	0	0	0	0.56924	0	0	0	0	0	0	0	0	0	0	1.98481	0.07872	0	0	0	0	0	0	0	0	0	0	5.2335	4.82307	10.16422	7.32654	5.44534	10.31271	6.31208	11.99507	4.67825	5.50979	8.23508	9.67526	5.78664	4.98818	5.4725	3.77542	5.41332	0.83992	0.87199	1.02645	0.27481	4.07265	12.6994	11.62774	4.07888	6.92434	6.17365	13.019	9.42779	7.58094	4.83182	3.97375	2.00646	5.22333	2.5102	6.27024	1.28715	6.04091	5.16181	1.7356	4.3036	1.44365	1.91823	5.68141	4.32997	4.56258	8.5769	11.01683	6.34104	9.25003	4.48037	3.09994	0.43054	1.70123	5.54366	2.54061	1.78496	11.05222	6.54029	4.68977	3.55915	3.33603	2.72094
-11.875062	0	0	0	0	0	0	0	0	0	0	0	0	0	0	0	0	0	0	0	0	0	0	0	0	1.29624	0.79141	0	0	0	0	0	0	0	0	0	0	6.00578	6.59187	7.82546	3.23934	6.50463	8.19236	6.25032	13.91389	4.51824	5.92138	3.69469	7.33864	5.39832	10.98807	3.36293	3.09288	6.0878	1.37126	0.9531	0.36282	0.21889	5.23059	8.67036	12.56865	3.3917	9.35518	6.03845	9.49321	7.56394	6.50413	3.94057	5.52122	2.20464	4.41889	3.4052	5.49593	1.83664	2.90115	8.80023	2.24842	4.52142	2.28446	2.10522	3.65691	1.53009	4.70384	5.21693	8.2749	7.94635	8.4298	4.97823	3.89747	0.87866	1.64872	5.19717	0.88314	2.39537	9.31778	3.63194	2.42342	4.31327	2.63659	1.76532
-11.562537	0	0	0	0	0	0	0	0	0	0	0	0	0	0	0	0	0	0	0	0	0	0	0	0	0.73013	0	0	0	0	0	0	0	0	0	0	0	6.55776	8.88029	5.48659	1.84878	8.43273	5.74582	5.42152	16.1819	3.91214	5.95551	2.99789	4.5471	5.85434	9.81241	3.37878	5.02352	6.83614	3.89739	1.21158	0.69763	0.1674	5.25677	10.25441	9.98063	2.15602	10.11926	8.1917	12.36658	6.54394	6.5334	4.48245	6.7383	2.96926	3.82444	2.64336	2.39056	1.97494	1.38878	12.76292	2.44247	3.97939	1.78103	3.31378	1.85724	1.33237	4.99658	6.63126	8.28026	7.26399	10.28764	7.50406	2.10712	1.62691	2.34565	4.60696	1.38495	3.22404	6.44556	2.41606	1.39814	6.11969	3.03663	0.13291
-11.250011	0	0	0	0	0	0	0	0	0	0	0	0	0	0	0	0	0	0	0	0	0	0	0	0	0.17113	0	0	0	0	0	0	0	0	0	0	0.03362	4.9351	9.5008	6.15233	2.66786	9.33485	5.78536	7.84867	13.15322	3.36915	3.71077	3.85957	6.55319	5.25711	8.37291	3.68523	5.67859	9.7891	2.53258	2.18588	0.80026	0.30494	4.33532	12.68818	7.37218	2.66407	10.12104	6.50262	10.79197	6.54368	8.04977	8.18178	4.75762	3.47359	4.17222	3.74834	4.02948	3.12609	1.06438	7.97364	2.0828	4.0468	2.39133	2.47576	2.98438	4.28102	5.70463	4.35123	8.45655	8.26076	9.1032	10.89934	1.92669	0.64399	0.73191	4.77066	4.99117	5.12193	2.07	2.45821	1.97632	6.8862	2.97684	0.19289
-10.937486	0	0	0	0	0	0	0	0	0	0	0	0	0	0	0	0	0	0	0	0	0	0	0	0	0	0	0	0	0	0	0	0.10321	0	0	0	0.01332	2.75639	9.6797	5.57982	3.72601	11.00283	7.78475	9.8787	14.01277	2.69602	6.90452	3.91451	5.06195	5.89652	5.33321	4.16478	5.33439	9.38673	2.86995	1.33984	0.60107	0.49092	3.77443	16.14571	7.55119	3.90222	9.10479	3.78341	9.66316	5.26312	6.35704	5.13767	2.62707	3.01048	3.75333	2.36988	6.67149	2.29509	1.63687	7.56098	1.94392	6.10029	4.90263	1.874	4.96948	5.98496	5.5316	3.27965	8.23683	12.17739	8.8424	11.44355	1.4772	0.39363	1.97555	6.55096	6.23055	8.67672	3.11	1.09546	1.16045	3.94984	2.5078	0.36359
-10.624961	0	0	0	0	0	0	0	0	0	0	0	0	0	0	0	0	0	0	0	0	0	0	0	0	0	0	0	0	0	0	0	0.03703	0	0	0	0	3.01093	6.67158	7.73399	3.59009	11.33183	7.42026	8.98241	11.10252	3.36601	11.39558	3.80534	5.25992	10.99132	7.23193	4.80908	4.26468	5.59359	2.1085	0.6921	1.70806	0.45619	3.16815	16.44366	13.76868	5.41951	6.21528	4.18625	6.37161	6.60516	6.35011	5.0628	3.12035	3.08872	4.09778	2.49011	7.25387	2.14897	3.56813	7.76223	2.08927	7.6159	7.09956	0.84634	4.38201	3.97855	9.0462	2.74972	7.18869	14.58416	7.23454	10.27208	2.67138	0.02064	4.70189	6.77896	4.07023	4.36871	4.69111	1.88443	1.04271	2.70318	1.35757	0.13012
-10.312435	0	0	0	0	0	0	0	0	0	0	0	0	0	0.01363	0	0	0	0	0	0	0	0	0	0	0	0	0	0	0	0	0	0	0	0	0	0.05081	3.16514	8.20265	8.20422	5.17043	9.40926	8.94641	8.85081	8.13803	2.62204	12.53373	7.17432	4.12611	10.27697	10.59402	6.29844	6.11873	8.42172	1.82114	0.21556	2.89817	0.43002	2.66076	18.5473	17.61542	7.7216	5.54941	4.96562	5.39553	6.89077	6.4528	5.44165	2.33017	2.39245	4.28222	3.75808	8.86943	1.95103	4.02063	5.59922	3.1356	6.27091	5.18706	1.14144	2.79673	4.46327	12.00092	5.0025	7.99107	14.25804	5.58025	5.49224	4.56626	0	6.85991	5.54135	3.09014	4.53352	6.96667	3.58859	1.17652	2.63007	1.5332	0.03944
-9.99991	0	0	0	0	0	0	0	0	0	0	0	0	0.1485	0.34322	0	0	0	0	0	0	0	0	0	0	0	0	0	0	0	0	0	0	0	0	0	0.0251	4.2103	6.45731	10.31559	4.13793	8.17322	8.77384	6.41263	6.65174	1.92483	11.7926	8.218	4.19104	9.04224	10.72972	5.65843	7.52829	6.73833	2.51625	0.23192	1.62067	0.35237	3.7206	26.24087	14.68202	7.03903	6.2077	6.07411	7.7892	4.49349	6.5264	6.33775	1.61395	1.62616	4.76556	4.58102	4.60377	1.47426	5.37921	5.38637	3.08748	6.56426	3.3509	1.05957	1.89542	4.47389	6.08822	5.41158	10.00561	12.77463	6.27449	3.73871	3.459	0.47476	5.32799	4.26697	2.96284	3.85652	6.90556	5.62826	2.89033	1.51393	1.41596	0.09673
-9.6873847	0	0	0	0	0	0	0	0	0	0	0	0	0.16836	0.59522	0	0	0	0	0	0	0	0	0	0	0.22238	0	0	0	0	0	0	0	0	0	0	0	8.00012	7.41213	12.45084	4.04229	9.20804	5.54059	6.16664	6.49789	3.41697	9.07514	10.41107	3.49921	4.8253	8.02945	4.66398	9.08113	4.12878	3.5329	0.83354	0.50792	0.95546	2.98622	18.19107	10.12202	7.37985	9.56957	8.3744	9.18994	5.14701	7.3505	7.03719	3.06219	1.32406	3.70889	6.7011	3.76009	1.581	4.03551	5.50906	2.01702	7.63877	3.62076	1.51686	1.38843	3.27491	5.05166	5.59532	9.79863	11.34035	8.21927	4.1823	2.48422	0.65873	4.77757	4.28025	3.5786	6.72423	5.85222	9.36648	3.27453	1.25085	2.38397	0
-9.3750844	0	0	0	0	0	0	0	0	0	0	0	0	0.46635	0.71327	0	0	0	0	0	0	0	0	0	0	0.60631	0	0	0	0	0	0	0	0	0	0	0	10.17949	9.46915	13.13348	7.75867	9.66136	6.40606	8.87974	8.22152	2.90107	6.67071	14.20645	3.496	3.81725	6.91814	4.80654	6.24181	5.27726	3.1266	0.85336	0.7255	0.9639	1.72689	18.62255	9.44906	8.40776	7.16015	5.29465	12.64692	7.69518	9.23272	7.07313	2.91709	1.22353	3.10889	8.73683	5.43363	2.12193	4.86301	3.97674	4.20031	6.15843	5.66144	2.56955	1.81959	3.8642	4.4928	6.6966	8.22165	9.16549	8.57475	4.82272	2.44525	0.26531	4.53835	4.36377	3.61844	9.557	3.20778	8.02942	1.61113	1.57665	2.37998	0
-9.0625591	0	0	0	0	0	0	0	0.01628	0	0	0	0	0.21015	0.0006	0	0	0	0	0	0	0	0	0	0.51828	0.61028	0	0	0	0	0	0	0	0	0	0	0	7.76726	12.79259	15.4573	6.46895	8.7353	7.06893	7.57978	6.10794	2.62178	7.93857	12.01884	2.38202	4.6266	5.20387	3.38113	5.57311	4.11051	5.7721	0.71727	1.2229	1.6488	1.82794	15.23741	10.58214	4.40636	6.79618	6.14197	8.53149	7.72667	8.05289	6.44141	3.50245	1.14791	4.73	7.523	5.10562	1.11052	2.50178	1.23565	5.13815	3.23441	7.37432	2.2548	0.71256	4.57635	6.59814	5.84149	8.44747	9.21071	8.87876	3.50757	3.88287	0.38982	1.7861	3.42445	3.146	11.87532	2.58889	8.04217	2.30138	2.31724	2.37719	0
-8.7500338	0	0	0	0	0	0	0	0.01201	0	0	0	0	0	0.02949	0	0	0	0	0	0	0	0	0	0.05036	0.59412	0	0	0	0	0	0	0	0	0	0	0	7.52299	14.30043	16.75869	5.43423	7.8192	5.83772	8.1965	7.77362	4.80304	4.10657	8.47669	3.04758	7.19495	5.14829	3.99377	5.63129	4.34983	3.05933	1.02427	1.11812	0.93426	3.5069	15.25195	13.22254	2.60466	5.99141	7.75305	9.56969	7.35706	8.81822	5.64717	3.71615	1.58588	5.19444	6.75944	4.86961	0.3528	3.34738	1.23993	3.99943	3.24727	6.08508	2.33748	0.64868	3.87809	8.04123	3.89537	10.06073	8.53696	9.57526	2.85572	3.28969	0.57221	1.22542	4.35017	2.30679	7.77793	4.31333	4.63948	4.34193	3.28656	2.4442	0
-8.4375084	0	0	0	0	0	0	0	0	0	0	0	0	0	0	0	0	0	0	0	0	0	0	0	0	0.17305	0	0	0	0	0	0	0	0	0	0	0	4.77896	10.61347	21.79399	5.51613	7.34737	7.48504	5.24655	9.03248	6.47983	3.12797	12.78022	2.6601	7.39314	6.25322	4.71831	4.83282	3.27549	3.62198	1.23627	0.34377	1.43354	4.57559	12.80086	16.87615	2.1791	8.98007	10.20856	10.43086	7.07511	8.97861	4.40221	2.62054	1.42204	5.50556	5.52154	3.11762	1.71057	1.39914	0.97833	4.81587	4.62905	3.11905	1.71036	2.99392	3.05199	3.89292	4.45496	8.49828	3.47985	10.94156	1.82466	4.06318	0.39128	1.78853	5.108	2.43579	6.46675	5.91111	2.58259	5.14088	3.47319	2.32065	0.10537
-8.1249831	0	0	0	0	0	0	0	0	0	0	0	0	0	0	0	0	0	0	0	0	0	0	0	0	0.66865	0	0	0	0	0	0	0	0	0	0	0	4.89111	10.88243	13.85044	2.79551	7.15991	10.68707	5.76025	8.22281	4.84159	1.7423	14.16577	3.279	6.31022	7.04103	5.33069	3.70115	3.69204	4.56318	0.04725	0.98521	1.72177	3.59887	10.79395	22.45371	4.07988	9.87268	11.87773	10.44538	5.7428	6.4696	1.63721	2.71483	0.32464	5.02333	2.58027	2.99724	2.84984	1.92641	1.83319	3.49797	5.44835	1.85904	2.63432	2.53467	3.94141	5.46098	7.17078	8.32721	4.4931	9.3679	1.86112	4.13485	0.32012	1.38376	3.84644	5.8332	7.24316	4.47222	3.29225	5.39004	2.08107	1.85429	1.00766
-7.8124578	0	0	0	0	0	0	0	0	0	0	0	0	0	0	0.02219	0	0	0	0	0	0	0	0	0	0.06514	0	0	0	0	0	0	0	0	0	0	0	4.95271	9.24022	8.31336	4.3828	4.91203	11.90736	4.54674	8.72874	2.43292	2.20695	9.69117	3.19479	5.18446	7.48995	7.39232	3.34017	4.03458	5.53253	0.1141	0.65568	3.08445	5.00262	8.28805	21.74258	5.3406	8.27352	13.03094	8.30358	5.90771	4.61279	1.25516	2.39314	1.87816	8.24778	1.80335	5.19771	2.31021	2.32067	1.80422	6.26344	6.14568	0.79283	2.25384	1.76486	3.42262	4.66021	11.4528	5.84061	4.85128	14.48334	4.65004	3.34908	0.71628	1.16368	3.40495	6.27724	4.19251	3.25444	2.82619	4.57383	0.45595	0.62155	1.85593
-7.4999325	0	0	0	0	0	0	0	0	0	0	0	0	0	0	0.62341	0	0	0	0	0	0	0	0	0	0	0	0	0	0	0	0	0	0	0	0	0	4.85537	6.94664	5.48138	3.0243	6.09854	10.41892	5.93293	12.98819	1.66545	3.22475	9.30776	2.73039	3.70125	4.68596	5.06588	3.61703	4.2777	6.87502	0.90039	0.33589	5.01797	4.18029	9.94666	12.1635	6.2224	8.5904	24.48464	7.57639	6.44551	3.93139	2.15663	3.29229	1.11663	7.77556	1.96426	5.74832	1.44891	8.24465	3.46183	5.90939	5.77534	1.34684	0.00498	1.55682	2.85669	5.60149	10.80638	2.98594	6.02772	15.30585	4.77247	1.32864	1.57641	1.86146	5.2453	9.71834	4.56998	5.57	2.60706	3.41963	1.04725	0	0.98765
-7.1874072	0	0	0	0	0	0	0	0	0	0	0	0	0	0	1.65926	0.00734	0	0	0	0	0	0	0	0	0	0	0	0	0	0	0	0	0	0	0	0	4.91084	8.02173	7.09187	4.41764	7.72503	7.0315	16.67134	22.14437	2.22801	5.25577	12.05588	4.09363	6.49286	5.92733	3.41075	5.70084	5.64972	7.1782	1.2563	0.27205	2.37669	4.43822	13.27806	9.17123	5.26265	9.02986	24.20471	5.23243	8.92604	3.41904	2.52934	3.40665	1.59716	6.97	1.96197	9.27547	0.19785	13.09184	6.49323	7.6151	4.56662	3.12716	0.32232	0.58621	1.7126	7.80978	6.62892	1.54233	5.27882	9.6346	4.03948	1.14914	3.04355	2.26387	7.10325	11.50389	6.95464	6.15667	7.13986	3.63969	0.96023	0.05375	0.88424
-6.8748819	0	0	0	0	0	0	0	0	0	0	0	0	0	0	2.06146	0	0	0	0	0	0	0	0	0	0	0	0	0	0	0	0	0	0	0	0	0	5.86015	7.36948	8.15341	4.49322	7.90607	7.26902	14.00135	19.58582	3.67321	6.16264	8.20568	4.0564	9.97108	7.96518	5.31217	4.05612	7.23316	5.79202	0.70608	0.51439	2.79351	4.39819	13.80964	9.8086	4.00295	8.63419	17.89846	5.75831	7.27458	5.26354	1.61937	2.40133	1.80871	6.82	3.62932	12.5652	0.0463	12.45392	8.56545	9.20385	3.47813	3.5101	0.5594	0.20165	1.89967	5.93386	4.99297	3.01383	3.62961	13.59541	5.53956	1.25558	3.47746	4.26525	10.19098	10.0546	11.73834	4.02111	9.71436	2.52037	1.15563	0.10684	0
-6.5625816	0	0	0	0	0	0	0	0	0	0	0	0.39884	0	0	2.64255	0	0	0	0	0	0	0	0	0	0.00539	0	0	0	0	0	0	0	0	0	0	0	6.08863	7.62189	6.31078	5.8096	7.56626	6.79328	14.89048	11.81192	3.93285	4.66325	10.21088	4.75189	7.11399	8.84008	4.0038	5.11376	5.59801	6.21345	0.41566	3.00274	2.62698	6.0314	12.79944	14.27597	5.67228	10.08919	18.4149	4.31401	4.34743	5.93952	2.0771	3.47531	1.48521	7.93667	2.96699	12.69777	0.30517	9.54003	5.82091	8.14338	5.54648	3.11046	1.43732	0.03183	1.64179	3.6248	3.68447	5.97926	2.89948	15.04434	4.32402	1.02576	2.66819	10.6499	8.27252	8.90985	8.44187	2.81111	9.18118	2.9458	1.33452	0.38818	0.0096
-6.2500563	0	0	0	0	0	0	0	0	0	0	0	0.59607	0	0	6.82635	0	0	0	0	0	0	0	0	0	0.11194	0	0	0	0	0	0	0	0	0	0	0	7.60901	9.40844	7.00192	5.32516	8.20326	6.90749	14.20452	12.34417	3.85357	7.00766	6.04045	5.0679	4.58306	8.21513	6.58785	8.55775	6.12855	7.31039	2.56588	1.35708	3.39448	5.23555	14.29911	15.88487	5.35459	11.68746	15.08283	3.58818	3.63878	5.91392	2.47092	2.73412	1.35209	8.47333	2.28393	13.35968	0.28905	8.48426	2.82674	4.92591	5.83112	2.48777	1.27401	0.61368	1.96246	3.16045	4.30818	8.05554	4.86056	11.37998	4.37787	0.526	2.72227	10.26488	5.27718	6.96448	9.96766	3.23111	5.44508	1.9754	0.91093	0.99012	0.10949
-5.9375309	0	0	0	0	0	0	0	0	0	1.88075	0	0.12069	0	0	17.21771	0	0	0	0	0	0	0	0	0	0.00316	0.00904	0	0	0	0	0	0	0	0	0	0	6.35801	10.6807	7.27812	5.70597	7.16943	5.36814	10.3331	10.0235	4.3537	6.13972	2.84997	4.01753	3.97779	8.05059	3.8285	6.00199	4.60276	8.31486	1.77403	2.69921	4.69562	5.07984	13.16335	16.213	5.30345	9.92309	4.38805	3.24165	3.89582	5.71394	3.57862	4.10987	2.65912	6.38778	1.7415	12.48901	0.70152	8.84708	1.30522	3.26699	1.7594	1.93444	1.6622	0.61757	4.2465	3.19044	6.31388	8.07834	8.84733	5.68188	4.53796	1.20221	4.7493	6.60756	5.76523	10.03745	10.83068	2.23444	4.05864	1.42559	0.65178	1.50925	1.16963
-5.6250056	0	0	0	0	0	0	0	0.00333	0	4.95714	0	0.09337	0	0	28.11157	0	0	0	0	0	0	0	0	0	0.00035	0.00169	0	0	0	0	0	0	0.005	0.05199	0	0	4.44378	8.35031	7.02939	6.27248	5.59635	5.57885	9.19412	8.05175	5.94106	5.48222	2.67456	2.85275	3.96258	6.54667	3.18953	3.88426	4.97209	18.34515	4.09341	1.66627	6.06466	5.75574	10.65002	12.61304	6.45632	9.96248	5.1175	4.80487	5.11421	7.86432	2.49851	3.74773	3.21954	6.83	0.99286	9.66963	0.12473	7.62927	3.02814	2.75118	1.1276	1.41306	2.79725	0.46122	3.7933	2.55891	3.93534	3.50863	11.39306	3.19467	4.87606	0.31095	3.00287	5.06118	5.15434	7.04513	6.19869	3.33667	5.32173	0.77333	0.46649	3.74218	3.25394
-5.3124803	0	0	0	0	0	0	0	0.12385	0.2674	7.79691	0	0.05613	0	0	32.70281	0	0	0	0	0	0	0	0	0.00121	0	0.00269	0	0	0	0	0.00574	0	1.23983	0.23786	0	0.62082	4.07611	9.73171	6.07307	9.2385	6.5628	6.03456	4.41548	10.15363	7.53324	5.06998	3.1028	2.16443	4.00901	4.37689	1.95752	4.08683	3.94439	10.40106	4.719	2.49636	6.8805	4.52878	7.46992	15.85459	8.38049	11.95628	10.04172	7.32469	4.64219	9.43525	0.97289	3.6227	2.74228	9.66667	1.72718	7.11368	0.81415	6.00652	4.47502	1.78538	1.02444	0.97504	5.29327	0.80109	5.0194	1.08897	4.21241	5.71288	11.62344	4.01267	6.5335	0.63989	2.07135	2.6032	3.68167	5.13913	3.33947	5.73444	5.49191	1.65605	1.66261	4.44292	4.09507
-4.999955	0	0	0	0	0	0	0	0.02598	0.79886	5.98434	0.07977	0.12079	0	0	30.85401	0	0.18248	0	0.32995	0	0	0.1303	0	0.19925	0	0	0	0	0	0	0	0	10.18889	0.8727	0	3.01582	4.83435	8.53641	8.50308	7.46956	7.58605	6.49767	6.40213	10.94423	3.71725	6.88279	3.01526	1.85983	5.2944	5.91777	2.66399	4.71394	3.28716	13.35645	2.96794	3.78447	7.4312	4.17149	7.30757	10.96451	8.37494	10.53656	8.63055	7.10139	5.02917	10.54195	1.17724	4.05567	4.23621	9.48	2.29855	8.02915	0.5256	7.11943	3.89756	2.90286	1.77965	1.33595	3.75195	1.06207	3.87764	0.81537	4.16288	9.27831	9.31235	5.85282	5.64492	0.72254	0.71686	1.47251	2.05335	6.56146	3.25624	7.52556	6.09104	0.39534	2.23313	3.25434	4.31243
-4.6874297	0	0	0	0	0	0	0.01361	0.32419	2.37095	2.89363	1.05653	0.82924	0	0	23.82434	0	1.56044	0	2.18022	0.48353	0	4.00992	0	0.39531	0.02957	0.23153	0	0	0	0	0.31436	0	15.15483	2.5635	0	2.71628	3.99725	6.03113	7.9051	6.1612	8.55499	5.11685	5.21989	12.75027	5.73831	8.72386	3.71799	2.58335	4.43261	12.06239	1.8009	3.95337	3.94404	10.39984	2.88626	5.3746	4.73204	4.37257	12.66351	10.96027	7.65846	11.68181	7.27294	5.19801	4.89334	14.80674	1.82886	6.10923	10.58383	8.33111	3.77878	8.50203	0.94024	7.2578	2.77138	4.39476	3.11305	0.41943	1.85385	0.74982	2.87488	2.12472	6.27708	10.8471	11.03341	6.95347	4.13329	1.30863	1.56883	6.55565	3.43819	12.62548	4.00812	6.90778	6.1345	0.13088	4.1827	2.86759	3.08868
-4.3749044	4.05001	0	0	0	0	0	5.40878	2.14298	5.59509	5.41762	1.06326	1.70839	0	0.64698	18.54838	0	10.63199	0	4.8911	2.67931	0	3.90459	0	0.07715	1.08349	0.75601	0	0.25589	0	0	1.48493	0	16.80134	7.41704	0	3.64467	4.48229	4.41725	8.31015	4.90912	9.30663	5.43455	5.94969	13.01137	6.26343	11.55892	2.72117	2.74085	4.68001	15.04466	2.58621	8.74666	3.21466	14.53081	2.30178	4.91212	3.65898	4.57322	11.8321	9.67845	5.36647	12.54594	4.57344	5.81612	5.18712	25.60253	5.91531	12.13983	17.40003	7.21333	4.24168	17.20598	0.24036	7.46136	3.07671	3.50632	6.11135	1.02063	2.76856	1.33616	2.53138	2.43796	8.56709	13.36269	10.39972	6.09192	3.67801	2.92794	2.70813	15.7624	5.13006	13.46318	4.58165	4.95556	3.31753	2.68526	4.2707	4.17488	2.34241
-4.0623791	23.81431	0	0	0	0.022	0	8.85006	5.82084	7.4672	8.27928	0.49779	3.12158	0	3.40442	18.06127	0.12047	27.03701	0.15982	8.76606	12.33989	0	5.41888	0	0.28944	1.44922	0.6339	0	5.3166	0	0	3.03124	0	11.52968	9.96377	0	3.9585	6.3873	9.29128	8.52847	6.21348	6.58702	5.51639	9.75994	10.82288	5.85698	20.33373	2.41804	4.0877	4.10249	19.12862	3.16784	6.27869	4.99792	15.29685	2.2384	3.52736	4.53165	5.30574	10.20619	7.53714	4.14356	9.70941	3.89119	8.86856	5.63266	37.17436	14.09182	13.18568	16.25902	7.25333	3.24388	36.49466	0.07357	6.1416	2.92549	2.51702	6.12317	1.09925	2.55759	1.38305	2.91503	11.73647	7.71956	13.26364	7.54366	3.82252	5.37985	5.26567	3.26273	23.59714	5.50266	11.16909	4.61367	3.21222	2.10565	16.46976	5.83002	5.94256	2.53543
-3.7500788	29.12068	0	0	0.17848	1.36296	0	9.6895	12.54651	16.36691	22.39717	0.07884	6.60941	0	6.6742	15.08368	0.34915	31.84357	0.61159	11.50556	19.03989	0	10.68879	0	0.48194	2.10055	1.4766	0	14.52381	0	0	6.05643	0	7.79946	12.89399	0.04543	6.91227	6.68089	12.36688	10.67017	9.05672	5.9109	4.77106	13.1266	25.71551	5.50959	25.38115	7.04095	2.77751	4.05636	25.90119	3.20643	14.53891	5.01656	12.25601	2.62279	3.69631	3.19021	6.91373	11.66225	13.22284	21.0131	7.62942	6.68284	8.92097	7.03768	40.94737	24.13829	11.6684	14.31953	9.48222	5.59925	40.53225	0.0682	6.10636	12.18518	3.482	5.32051	3.02033	2.95769	2.28796	2.97257	37.95459	6.86068	11.04754	12.48984	2.55334	8.66053	9.31732	5.16509	40.95	4.25091	22.92867	6.11725	4.20556	3.74156	30.44185	10.95935	5.20952	1.61452
-3.4375534	24.90677	0	0	6.66482	4.75052	0	14.59023	19.97872	18.19994	31.41684	2.49499	12.88633	1.14509	12.42608	12.1657	2.45492	29.53667	1.14757	23.8476	21.53279	0	14.45269	0	1.57534	2.97449	4.68048	0	20.11289	0	0	10.19331	1.59149	5.5125	17.66155	0.56986	9.29467	5.53752	14.11141	12.81753	11.34251	6.54362	5.22186	22.71627	40.84922	7.02526	32.27206	10.47884	4.73161	3.22014	35.78943	1.3122	28.67108	5.26718	23.00053	3.64432	2.21055	4.9125	11.84118	15.30509	13.40069	34.47697	6.04002	6.78316	8.68868	9.33436	40.94517	39.16789	13.22325	14.36569	11.31333	7.32064	28.74371	0.13446	7.58837	23.18042	16.5052	2.45653	4.44207	1.68712	1.82329	1.8042	38.62458	7.78075	9.142	21.64161	4.22959	11.50111	32.6291	12.24742	40.95	3.14603	20.11712	5.28948	19.93222	5.08368	39.94568	20.19295	3.38708	0.65162
-3.1250281	27.13289	0	0	39.11578	9.63017	0	19.17033	17.99236	27.68254	34.88818	13.91324	19.26837	15.76046	18.76249	14.64428	10.09689	18.29469	1.76783	32.48909	13.5239	0	15.46681	2.03896	5.19518	4.00461	9.3556	0	19.97638	0	0	17.44499	9.56371	4.7102	19.97566	3.16452	10.42519	6.49663	9.087	15.59902	18.53079	7.37073	6.45091	36.3468	40.95	12.59512	39.23362	17.71015	7.1866	3.10366	40.44804	0.62124	17.99494	7.17039	39.53453	8.32983	2.6669	4.72157	19.93757	32.4956	12.9546	29.36907	12.45655	7.85143	13.92564	17.84332	40.95	40.95	17.69105	19.6743	11.53222	7.49138	22.65041	0.05857	6.8862	38.2069	23.05373	1.10518	7.58523	1.47884	2.39501	0.93463	22.2191	16.39212	3.70393	31.97173	7.89482	21.57831	40.78544	25.13212	40.95	1.90054	26.79712	5.86934	40.95	12.00972	40.95	37.53285	4.05806	0.58602
-2.8125028	26.29884	0.65626	0	30.30872	11.41368	0	21.54897	15.28683	27.6331	31.37495	21.10262	23.88806	33.24771	20.7366	13.75219	16.85788	9.42983	2.79762	27.7865	6.76619	0.02663	17.12139	24.19	10.58585	5.57596	19.91944	0	19.05536	0	0	24.39984	18.13069	4.55542	20.43637	8.73097	7.73484	5.65349	7.93204	13.47979	30.72783	7.34923	10.05241	39.92327	36.19211	27.35015	40.95	33.08969	13.0001	4.70445	40.95	2.15412	12.5554	5.37694	40.95	16.83859	2.30037	3.20903	29.12724	40.95	10.03409	24.09431	28.43903	7.32257	22.32396	26.38927	38.09397	39.47042	23.43481	34.0653	15.36667	10.55368	21.95779	2.55577	5.00402	40.95	35.97753	3.34011	19.50468	1.75914	5.39405	5.95828	29.11684	35.21002	5.63959	31.18471	12.08466	38.84136	28.03412	39.01549	40.95	1.62766	40.95	7.21581	40.65444	26.30382	38.78583	27.34603	8.63286	3.9656
-2.4999775	30.01895	12.29036	0	25.55315	8.83559	0	18.73183	12.61163	32.41279	31.17355	26.32985	29.62308	33.70311	20.97666	12.22874	25.62444	3.10626	7.24463	28.73448	4.68147	0.94947	18.34999	35.48362	21.86795	5.61601	36.3748	0	20.85905	0	0	30.12176	17.63864	2.77106	17.35204	13.62837	3.40309	6.91343	8.01152	13.87065	27.41135	8.35251	20.52357	39.2888	26.42483	31.47948	40.95	39.44833	21.95841	6.30047	40.95	5.30435	10.02999	6.62551	40.93511	33.95636	2.37701	4.20675	35.03452	40.95	13.75593	31.5072	35.81159	6.15638	29.87636	28.61267	29.01049	28.65033	32.03272	40.76593	28.87111	16.80748	21.15778	5.36248	6.15846	40.94807	33.06577	3.89841	37.82362	4.58796	8.35706	20.83424	34.23299	40.94229	22.22443	27.33106	16.85027	40.95	18.17682	31.87325	40.95	2.45681	40.95	11.61412	40.35889	30.41852	27.72181	13.89747	20.35792	14.45211
-2.1874522	29.3557	19.26754	0	24.39432	5.13164	0.10749	23.23912	12.89585	23.97476	32.73852	25.46748	34.23523	31.95897	21.77658	12.58232	26.30498	0.036	17.8364	20.57269	4.4106	5.75251	17.26056	38.56163	31.88522	5.86494	40.95	0	15.90397	0.2168	0	29.24334	12.0781	2.33903	17.33166	21.17983	1.59328	8.10035	11.04648	21.95819	22.92513	13.43925	35.69373	38.61568	27.78612	32.33756	40.95	23.29552	30.79432	6.89358	40.38744	15.53182	8.11925	8.7363	35.40696	40.89746	6.0701	4.41671	31.5536	40.93545	23.11452	40.95	31.13714	7.52363	35.77744	33.01813	23.28515	20.90621	32.08828	40.95	32.95333	24.77873	22.67997	10.03974	37.06331	37.09132	23.91142	5.79147	39.60683	28.58167	12.35533	30.31901	36.31531	39.56942	38.06344	21.23291	31.54571	39.84629	12.12327	24.75549	38.04043	4.21628	40.95	25.77567	39.73444	28.43121	23.30892	10.99213	33.56256	26.07745
-1.8749269	29.75077	21.74165	0	16.71351	3.30625	2.29169	31.52442	12.36908	19.50272	31.13098	15.88479	29.4749	25.68219	19.31197	14.06038	25.29037	0.03946	28.62099	18.3174	5.41987	10.73104	24.3398	24.65482	26.94624	6.11768	39.36604	0	20.48038	2.71646	0.42822	24.71734	7.87862	3.41696	14.09331	19.13778	0.51256	5.24056	12.93839	33.61393	22.29144	26.82538	40.95	30.97913	20.52861	30.55472	34.20479	21.26113	39.53844	8.94274	28.89272	31.60827	7.83783	9.22323	22.55136	38.50548	18.97275	8.22782	22.74634	40.53994	30.5153	34.49319	32.18012	11.4579	40.41588	31.2523	24.83747	13.61231	16.05473	36.05546	23.36778	24.38192	14.35671	25.38374	40.95	25.90868	18.27038	3.84806	23.51769	39.82601	21.59683	21.7292	33.82743	39.13664	40.95	16.41195	40.08677	30.82486	10.92318	21.87857	22.94567	25.9363	40.95	38.45236	38.21889	25.57615	20.66909	6.75778	40.62262	34.41853
-1.5624016	25.59062	18.37427	0	18.73166	8.90808	8.33501	33.48436	12.29841	17.86548	28.40917	9.33931	23.78361	22.17459	14.88141	15.45596	28.21878	0	28.80476	12.37988	3.75121	17.5299	30.34382	11.55771	19.39568	7.9422	32.82186	0.88777	20.96385	8.8292	7.47881	13.15227	4.92563	6.02755	12.02736	13.10641	1.09463	5.51264	32.27589	39.71572	11.47479	38.65692	35.40937	19.79719	17.72266	26.30825	18.36929	18.62448	39.93354	16.66106	20.47955	39.62552	7.02084	10.51108	21.75915	26.31823	35.2161	13.16211	25.72332	33.08469	38.89794	23.85512	31.31261	26.2328	37.13403	26.26987	23.53473	11.62376	11.50943	29.01635	17.37222	26.13774	17.52964	34.61157	37.28917	16.45706	11.48063	5.48018	17.44242	40.95	32.2871	15.01903	31.93157	36.98146	37.19573	14.18912	40.55648	16.71825	9.21076	18.40419	15.98197	40.95	40.90405	40.68019	40.35	25.13813	14.90139	5.76813	35.61947	34.16113
-1.2498762	19.02448	18.02123	1.15732	23.00963	15.6546	14.88061	29.92336	12.6372	15.43103	27.20021	9.11091	19.91497	19.737	12.37848	23.89897	32.36004	0.69655	26.20654	11.14864	2.00773	12.76048	29.69402	6.87689	15.02437	10.75978	24.42363	8.27488	12.92656	14.21067	15.58227	5.79838	1.99601	7.42611	15.17338	7.86767	1.49352	5.64154	37.19806	37.66836	8.8571	39.26313	24.64627	16.3163	17.17052	25.86223	10.24724	18.01331	34.41707	29.29225	16.64098	37.41695	7.32658	19.84345	17.58154	13.91672	40.7219	20.6135	24.62851	28.44923	40.95	19.84159	27.21411	38.01017	15.15218	22.52421	24.09914	8.80637	8.47469	25.36417	16.54	19.63581	30.00133	21.9442	18.06449	16.96518	10.92202	6.11157	16.95321	40.64177	38.48594	13.43771	23.98549	30.57649	30.93592	14.01614	27.6251	10.31857	6.45461	12.41926	9.00036	40.95	35.26716	31.46915	29.45556	20.07226	11.38368	6.24383	21.38137	31.02179
-0.9375759	15.5985	22.51919	5.85716	16.32412	25.89316	17.7642	21.99628	12.96116	12.20621	25.43935	11.69498	14.09451	19.3803	11.35119	34.96835	39.24519	0.6047	26.64173	9.73949	1.84626	6.75931	20.26806	4.31237	9.63731	16.14557	21.81522	19.3355	11.81055	15.60092	19.42885	3.87526	1.05464	5.38646	15.78468	5.14356	3.16968	8.00169	24.55618	32.72242	10.6071	32.01823	22.59617	14.91528	17.96818	26.19368	8.3015	16.58097	27.05776	32.03102	12.45801	37.78905	7.60111	38.95146	18.7193	10.80825	29.9223	30.28584	27.63214	30.94862	30.21448	18.71839	24.13847	40.95	12.46232	21.12548	27.42485	7.75961	7.16295	19.70775	16.56556	13.9314	33.66901	11.29803	8.98718	9.05577	11.48322	10.27756	17.28104	30.54853	35.22723	9.16096	15.88765	27.48562	27.19785	11.17071	15.61035	9.48079	5.38698	9.80295	4.6349	38.29341	23.14377	19.72922	7.19222	17.82542	10.84964	8.4891	10.11985	29.85511
-0.6250506	16.29372	18.838	19.44177	17.85096	18.79128	17.75406	7.08187	16.31555	12.0905	22.73363	9.91955	10.8054	18.55366	14.12271	35.52459	33.64055	1.95442	33.32553	11.05378	4.5726	7.02475	12.81347	2.87837	5.18168	21.4039	18.30501	19.61896	8.97763	15.0089	25.80716	7.43842	1.87345	4.10853	16.13759	1.16261	3.85451	11.23805	16.54009	19.39353	9.2831	25.54716	18.52105	13.67597	15.55727	27.46162	8.37907	18.2562	19.4185	31.1918	11.25784	31.79464	10.66102	40.37938	14.64804	10.8183	12.56332	31.38349	36.08317	37.74271	21.05433	19.58754	19.56438	40.95	11.59063	20.44865	30.17279	10.97459	6.24621	13.6097	14.27667	11.10513	40.94589	6.87384	9.31694	6.62726	9.31787	23.24315	16.75765	27.95605	29.97555	10.13789	16.88142	25.03045	25.78135	10.69953	12.54505	10.31767	6.71509	10.60081	3.9464	26.30976	18.69534	20.26588	10.50889	19.67125	12.80995	13.41334	7.82609	31.2848
-0.3125253	17.61624	17.52523	35.11288	19.01715	7.56824	15.22965	5.44631	16.92305	15.25854	19.39751	6.35095	8.30251	19.84375	17.08215	27.4639	19.50577	4.95435	36.13532	14.04623	7.69331	4.88109	5.98664	3.55416	4.57253	29.85218	18.22876	21.16108	7.88189	17.42972	29.58521	9.31444	2.14472	6.053	16.88103	1.55557	5.04804	25.37717	11.13469	15.97178	7.89987	23.32254	17.35798	13.53601	15.97125	25.76495	11.33851	18.57084	18.45919	29.2274	13.1004	25.88264	16.03914	40.46801	10.4167	9.80265	5.08092	28.56303	39.3592	34.67649	22.3421	20.72189	16.55856	33.65331	16.69755	17.90237	35.21163	14.65357	7.89696	12.75907	11.85222	11.81111	40.28458	12.45918	11.09868	4.48442	8.50367	32.29231	15.58961	27.63331	24.80702	9.15817	16.91138	24.0452	22.99809	11.16036	13.25778	12.2483	5.93108	7.68664	3.37225	25.19915	19.33085	24.29743	18.51667	17.1748	37.18359	18.22261	8.72625	30.85365
0	13.64222	17.06333	40.16	20.92333	4.39778	12.03667	2.92333	19.13667	17.92889	18.22889	6.84033	7.06667	17.66444	19.36222	15.69667	15.63333	11.58667	29.62444	19.46	8.50778	3.39	4.17889	4.63111	2.67	34.40667	10.96778	26.27667	7.68444	16.02333	23.89	10.52667	2.09667	7.02	18.22	0.92499	4.63889	37.78778	7.65111	12.14333	6.78333	18.91667	16.20444	16.13667	23.06667	25.13333	17.08667	14.98333	15.48	30.25	13.65	17.51	28.05333	39.20333	11.4	11.84667	1.53	29.29889	40.95	37.54333	25.57	20.82	21.65556	28.91111	19.72	17.93667	40.95	16.59	8.04667	14.53778	10.41667	13.04667	40.95	11.85	15.26953	1.31	10.76111	27.72667	17.47778	25.49184	25.16	11.10222	14.82	29.22	24.29778	9.77222	14.82	21.64667	7.11333	4.94333	4.04333	20.50667	15.84333	28.8	25.11667	14.12778	40.95	25.49111	14.51222	24.66889
0.31252531	13.34442	24.30547	34.12953	25.51877	7.4034	17.59826	3.66615	25.06512	22.70562	16.64355	9.17308	10.44182	17.71378	17.64785	6.38961	4.42787	23.48651	17.67241	30.79076	11.76768	2.44988	6.39498	9.2784	2.79035	40.62889	4.07187	29.52889	6.89835	18.39885	17.95768	17.00345	6.01167	6.63191	16.86931	1.93156	6.17289	37.39861	10.26046	9.29295	8.92982	17.93966	16.30203	19.05812	32.11816	18.01967	24.95317	11.31726	17.9276	19.34149	14.44111	13.6958	37.24749	35.59466	6.97364	18.46812	2.87463	26.86535	17.55869	40.39828	29.18296	21.65701	28.21235	29.51116	25.13104	21.74325	40.95	16.4061	8.90873	18.6856	9.92111	16.57	36.43695	12.58802	15.75775	5.79455	12.5581	26.27705	19.29085	23.62204	22.45542	10.92452	14.73017	34.74001	24.34593	10.70023	14.59331	28.50762	8.41202	5.43948	10.88441	18.59309	16.37294	37.3243	25.18889	17.26225	35.51661	34.30027	25.96905	11.95154
0.62505063	15.02935	32.58357	29.88512	18.23181	8.22843	27.52179	3.45015	29.67741	26.47063	18.40173	9.33561	15.6683	19.97215	14.28069	3.15888	1.85458	28.36036	11.01983	33.19781	17.69582	1.61347	12.15911	16.62434	3.29556	40.95	2.20741	29.13101	6.35125	23.08128	22.98159	21.74952	6.68206	9.34519	12.40136	4.48387	7.20853	30.14995	12.63572	8.82732	11.90603	14.64955	18.14998	21.0663	40.07824	20.56221	39.09914	18.56481	22.425	17.93436	14.21449	18.47964	40.95	26.08037	5.79106	30.29507	7.73664	20.37104	7.90944	40.4641	31.78616	20.12611	28.13701	26.40968	34.44311	25.65981	40.95	30.30612	12.99281	24.751	9.41778	17.18467	38.72577	13.37281	13.91306	9.31556	18.33738	19.67722	20.72872	22.60188	22.36537	10.02488	15.67702	39.86821	25.2274	15.22909	14.82825	39.3323	7.51081	5.43836	17.86231	17.08196	18.55509	40.95	35.43	21.64114	36.3151	40.95	34.28368	10.5324
0.93757594	11.91363	31.97609	32.04481	16.95216	19.95674	32.78887	4.82191	37.07887	30.15821	19.679	16.2555	21.19177	21.76167	15.99282	0.22131	1.64684	23.04994	6.8594	29.63214	18.02731	1.28991	18.31706	23.39959	2.46012	40.95	2.04263	30.66406	5.19639	24.68072	17.35509	22.33911	4.99268	12.19438	7.75767	7.24763	8.2707	32.19596	13.95233	11.12459	15.23456	13.77049	17.24083	24.07171	40.95	19.45843	40.82359	33.13506	22.05528	17.08529	19.9219	25.59583	40.77023	22.15276	3.13327	32.65005	15.6424	20.32899	7.6975	40.92519	36.49769	18.3617	32.19459	25.17875	20.25026	32.70298	40.95	40.53133	19.54264	26.59612	8.31889	17.81068	40.92861	15.88109	16.08863	15.74029	39.13222	14.58133	23.96593	23.08168	35.25245	12.10785	23.08852	35.02265	26.13817	17.24263	14.9383	40.95	9.68712	4.58211	30.93846	18.95339	38.32914	40.34749	40.31444	22.96832	40.76339	39.31527	29.04867	12.34041
1.25010125	10.62331	28.37765	36.63688	18.38872	20.26173	35.42812	10.12465	37.99626	20.06576	19.67114	21.90473	27.02292	24.56431	16.36812	0.55493	4.52146	6.3214	1.73933	25.8833	18.07135	5.48319	23.00996	30.92332	3.57241	40.95	1.50944	32.97827	4.20004	26.61499	12.6321	25.00227	4.17604	15.90968	6.93443	9.85571	6.00355	30.47083	20.65276	10.057	23.7358	14.1338	21.14485	24.64939	40.13969	21.57641	40.95	40.95	24.35446	19.22503	34.26903	29.69048	34.13966	26.77719	5.22675	16.81186	23.87004	20.91901	8.82948	34.00361	40.21297	23.39447	37.3174	23.10659	12.50709	30.93322	36.00859	40.8079	27.14886	35.93747	11.89889	21.36371	40.95	29.08865	16.52687	22.12746	39.11466	10.39616	24.43854	26.33539	40.43445	18.70808	35.51356	22.29972	29.63441	24.96849	19.23692	40.42506	13.27863	4.8049	40.95	26.99841	40.93324	32.23508	40.65	22.63501	36.10447	22.32767	12.96059	17.61928
1.56262656	8.9731	29.75187	24.16387	32.72165	5.70494	34.69022	21.13948	29.09293	12.50552	19.85188	20.05485	28.59329	22.21137	12.25704	0.18752	12.48833	3.01206	0	17.61647	15.40597	12.24013	20.13796	35.71273	5.78609	37.14705	0.66911	35.14939	3.89966	24.29356	12.35562	23.17784	3.47619	17.74455	7.23624	10.96812	1.5537	26.6872	22.52053	9.75212	40.34973	12.19461	28.05086	35.6503	33.99428	26.40594	40.95	38.90317	27.39641	16.35576	40.95	32.36198	6.24904	35.65822	9.52474	8.56278	19.23292	18.59703	4.31502	29.4848	40.90827	37.94941	40.95	22.55813	7.11632	22.66991	22.3094	35.66901	33.64776	36.11578	17.05111	24.62768	40.95	30.00418	17.59471	31.61932	34.84082	13.06111	34.87036	30.65814	37.5578	37.39187	39.89831	15.04301	35.1252	25.27478	24.1641	40.75179	18.78165	5.83619	40.95	40.15307	40.95	26.96644	32.86778	26.70827	8.96836	9.86517	4.21434	26.53511
1.87492687	11.44308	33.14091	11.17632	26.37218	0	27.97688	25.16848	13.92734	6.81945	26.69281	9.38887	29.28501	10.39886	9.3304	0.01322	16.98094	1.70229	0	13.32592	12.97281	17.31716	10.50016	31.75516	7.77388	26.88033	0.32716	35.53483	5.92597	18.47596	11.43205	18.24772	5.30409	21.72754	6.40693	6.59745	0	24.67454	23.91151	13.02983	40.9391	11.88827	37.81379	40.95	24.18692	35.38943	40.95	32.72444	39.47469	19.90368	40.95	32.90319	8.20554	38.61956	10.2088	5.3271	9.30513	14.79056	2.85258	20.41653	40.95	39.82357	40.57017	24.5772	6.18628	18.48508	13.24228	21.39564	40.95	27.89705	25.16778	22.26978	32.36133	18.06265	18.38781	39.70418	25.56884	17.77998	40.90125	37.98135	22.48127	40.95	26.91314	4.14046	40.32015	20.24836	31.2072	37.87277	34.62505	8.20517	40.95	40.95	40.95	18.08042	14.62333	31.4345	1.39018	6.66717	1.97339	32.05527
2.18745219	9.13227	34.05814	4.94537	15.834	0	14.86062	22.62528	4.52698	4.19388	30.61481	4.13599	24.6455	2.39576	6.1434	0	16.84552	2.88863	0	13.24999	10.08135	17.75704	9.92218	23.90741	10.02515	15.26858	0.72268	38.56761	5.91241	11.49938	9.54797	9.4797	6.7538	7.2802	5.99107	2.8378	0	23.93291	34.36297	17.21966	40.95	13.14252	40.95	40.88523	21.92917	40.48653	30.71027	34.03494	40.04977	31.13563	40.95	19.82836	5.81981	33.99054	11.08032	3.66183	7.74228	6.29805	2.60973	13.82218	40.95	27.85067	35.23669	27.63887	6.6496	15.25077	9.83387	5.49667	40.95	10.01063	36.78	25.08049	25.20556	9.5026	21.05651	39.71653	11.05512	21.78135	9.53844	40.87074	8.88439	38.85073	10.66511	7.55263	40.95	20.31647	38.51903	40.14479	40.9096	14.80785	40.95	40.95	40.95	14.46804	5.79444	11.64745	0.26902	7.36956	1.29493	39.50018
2.4999775	9.43931	38.90035	2.5261	17.25423	0	6.63261	17.46945	2.53627	4.07249	25.43772	0.70357	13.58374	0.33488	3.56298	0	11.16249	0.05807	0	12.34924	11.42163	14.26652	4.51115	18.74398	17.21172	12.89452	0.88706	30.94693	2.21451	2.10916	6.86196	4.47091	7.46391	0.0138	1.54324	0.54762	0	25.82352	40.2249	19.16044	32.90923	13.29323	37.035	33.41562	16.14394	27.62898	14.83018	23.698	40.95	40.34077	40.95	9.15148	5.20951	35.73418	17.09258	1.89892	3.67014	3.64505	1.61076	10.40801	37.58664	6.15227	21.52315	32.71425	5.65299	14.76515	8.66558	2.89179	40.95	6.40422	40.95	25.16318	11.34136	6.91904	26.84742	32.79604	8.58508	24.25298	7.25758	14.24829	5.61367	18.39192	6.16966	11.68433	40.95	21.53979	40.93286	34.64334	30.9444	21.80293	40.95	40.95	40.95	11.21549	3.29111	2.71007	1.25569	5.25496	2.00824	34.41403
2.81250281	12.81957	34.78331	2.25473	16.94458	0	3.99405	15.34039	1.00945	2.59516	13.6932	0	3.55309	0.01403	0.86481	0	5.14646	0	0	10.18804	15.10582	14.06357	0.80598	13.46485	23.64526	6.53904	1.51379	7.43131	0.91127	0	5.1754	0.5943	13.11123	0	0	0	0	35.06859	29.03177	27.52115	22.06295	16.38356	26.63312	4.94185	5.39961	17.26172	14.13338	17.32283	40.95	40.95	40.95	6.449	6.96212	32.77377	28.34412	1.82622	2.24258	3.5225	1.10754	9.19159	22.72426	9.6697	9.57106	38.52321	7.06913	15.37391	9.69026	3.74213	40.95	6.37315	30.83889	24.79136	6.37304	8.60961	26.42304	22.3387	7.60623	39.0951	8.88372	3.07781	5.39821	3.79401	5.30669	10.71117	34.13714	18.19319	40.95	16.7885	7.47387	30.68772	40.95	39.7584	28.4464	9.84966	2.54778	2.39942	0.84875	2.92318	1.55545	15.54425
3.12502813	10.84198	13.84438	3.46968	21.84626	0	1.15495	4.21973	0.02656	0.58123	1.86872	0	1.10077	0	0.00368	0	0.90734	0	0	5.6179	13.71048	7.77335	0.02401	8.65131	32.81506	0.789	5.93899	1.3996	0	0	7.04578	0	16.20843	0	0	0	0	40.95	8.8429	38.89135	14.14414	16.31955	18.93335	5.42543	4.15203	13.04763	15.22021	14.93323	40.95	40.95	37.72279	3.6161	5.24763	13.10263	38.46028	2.65797	1.94474	3.64931	1.36157	11.78944	11.3635	14.41521	8.23149	40.95	7.24546	13.0949	10.44539	2.09828	40.40047	3.69769	10.63667	22.71829	5.80428	8.71197	36.44335	9.80032	7.97776	40.94893	6.5388	5.58396	3.6193	3.21513	3.25678	9.39779	22.77201	16.612	40.79844	6.85806	6.03995	40.2227	35.9351	31.6051	23.70833	6.63984	2.77222	3.57207	1.7657	2.18598	1.03496	3.36407
3.43755344	3.97487	3.77073	6.1105	11.32873	0	0	3.6048	0	0	0.05695	0	0.24615	0	0.57136	0	0.23858	0	0	4.40118	8.1343	6.93962	0	7.87207	24.91564	0	12.5063	0.03082	0	0	9.87264	0	18.38646	0	0	0	0	40.95	5.25559	40.93528	3.65839	18.5599	12.15033	6.37245	3.66917	6.23174	13.39526	12.59201	38.18873	40.95	25.95136	2.82481	4.30352	7.88212	40.94148	2.85203	1.44117	2.40665	1.36637	9.16438	9.98221	10.0931	14.7467	40.95	8.27643	13.72523	7.2852	3.62938	30.05954	3.79844	2.92778	15.40805	6.21313	5.89832	40.8967	8.50102	4.17392	16.50557	4.6401	3.80304	2.62775	4.80595	2.23129	10.17949	19.12478	15.87816	20.91774	5.57287	9.45479	40.95	25.64905	38.14042	19.79197	6.07227	3.16556	4.4583	4.79189	2.62995	0.9604	0.86505
3.75007875	0.5051	0.53521	5.72917	3.91835	0	0	0.17379	0	0	0	0	0	0	2.54137	0	0	0	0	1.7573	3.82745	6.60831	0	7.32144	11.0218	0	9.47605	0.05556	0	0	9.03474	0	15.856	0	0	0	0	30.66914	5.64275	40.95	3.62761	22.015	8.85252	7.12604	4.12283	7.02745	9.16468	9.7661	25.11101	40.95	15.7379	2.5371	4.54471	4.47849	40.95	0.62488	0.95332	7.68093	1.75349	8.18015	10.56812	4.13844	15.12371	40.95	7.49511	15.12829	6.38258	3.81508	21.40259	4.05613	1.45556	11.06166	6.45772	5.88482	7.67453	8.92589	3.52271	5.02369	4.94445	4.90414	4.36571	3.09982	2.63623	7.49875	18.35935	11.09908	6.3327	4.15495	6.68984	34.84809	19.43553	37.442	15.25924	8.42332	2.65	5.13286	5.84803	2.73628	2.61349	0.48223
4.06260406	0.02034	0	2.4076	1.58916	0	0	0.00031	0	0	0	0	0	0	3.84471	0	0	0	0	0.22947	0.94895	4.98088	0	6.15145	4.46238	0	1.8111	0.52029	0	0	8.44805	0	5.67156	0	0	0	0	16.13499	6.26671	40.95	5.78752	26.03091	10.9707	10.71738	5.25115	7.45672	12.34344	8.80274	9.96278	40.95	13.18518	4.84297	4.95896	5.25675	12.81514	0.30367	0.04417	16.70639	0.92272	10.03673	9.44876	4.52408	10.86792	40.95	7.43557	14.32665	4.11753	1.63132	11.94299	5.21393	2.68889	5.97328	6.68563	9.09643	1.98479	7.96932	4.49397	3.72819	4.41204	9.03127	3.71081	4.32429	2.41258	5.48038	10.60443	7.22686	4.62121	2.36006	4.62195	13.95654	12.05762	28.04993	13.68101	8.62297	1.75556	3.76086	4.22661	3.15734	3.164	0.74001
4.37512938	0	0	4.30836	0.05793	0	0	0	0	0	0	0	0	0	4.92961	0	0	0	0	0	0	7.10134	0	3.72851	0.90628	0	0	0.89153	0	0	5.76776	0	0.47178	0	0	0	0	10.9297	6.45839	40.95	5.85678	32.58291	8.08909	5.59724	3.10121	4.72316	12.36051	10.50206	5.50126	40.95	11.99908	5.84719	6.28405	7.95079	8.86068	2.09164	0.67605	25.29531	0.49892	9.95954	11.20072	3.73695	4.68182	30.02381	8.18505	13.49441	4.17219	0.50071	10.127	5.55818	2.17889	3.86682	4.21579	8.39167	4.35367	7.44199	4.53114	3.16572	3.40798	4.42342	2.65677	2.6872	5.172	5.57485	0.9181	6.71131	3.46684	2.03819	4.04169	7.28935	7.76361	15.23884	11.10874	7.85127	2.17111	6.97285	1.05154	4.14593	2.57377	1.61389
4.68742969	0	0	3.86578	0	0	0	0	0	0	0	0	0	0	3.93735	0	0	0	0	0	0	4.3579	0	1.28472	0	0	0	0.23597	0	0	2.15981	0	0	0	0	0	0	11.41678	5.20642	40.53916	3.46561	29.75687	5.49899	2.42604	5.53369	1.55808	8.30715	8.19068	4.25091	20.90823	11.43597	5.31363	10.21368	9.8069	7.27401	1.87484	2.38764	25.99627	0.71828	11.20325	12.36471	4.6782	6.87922	10.55763	7.38716	10.12972	6.06513	1.41562	8.43041	5.60341	1.67556	1.68877	3.71881	5.30572	7.30835	9.54255	4.67899	3.2539	2.32179	3.50889	2.02432	2.99988	7.07984	7.27466	1.07338	3.22417	3.08555	2.62158	3.2278	4.21698	4.50547	7.28	11.20725	6.14677	5.01	8.04465	2.14636	4.32558	2.34568	2.20356
4.999955	0	0	3.64049	0	0	0	0	0	0	0	0	0	0	2.11612	0	0	0	0	0	0	0.94662	0	0.2766	0	0	0	0	0	0	0.88219	0	0	0	0	0	0	12.41017	2.89231	30.84417	2.40693	18.48803	7.12504	7.68347	7.72241	2.7312	6.93842	7.40219	3.80436	18.90891	9.75216	7.93407	10.72582	8.72074	4.04679	1.73946	3.08916	19.61021	1.11749	8.61241	5.27622	1.71109	5.3713	5.12267	6.74269	6.49274	5.42359	6.01377	6.2848	6.22743	1.37556	3.17166	3.25001	6.35196	5.94153	9.66122	6.70841	6.71086	2.15727	3.49419	2.03401	3.35106	4.49796	8.11467	2.8863	2.69845	5.64387	4.15736	2.45828	3.72142	4.93827	6.39795	10.06409	4.95373	7.90556	5.91234	0.96803	2.36461	3.02817	0.76646
5.31248031	0	0	2.39649	0	0	0	0	0	0	0	0	0	0	0.54431	0	0	0	0	0	0	1.40263	0	0	0	0	0	0	0	0	0.42767	0	0	0	0	0	0	10.64947	4.8031	26.47975	4.15213	7.98421	7.63995	8.07069	8.45362	1.74121	7.45563	8.1625	2.99173	18.50196	8.29721	10.03215	9.74676	8.91166	4.55182	2.1924	1.71523	11.1173	2.02867	6.47859	4.98301	3.74601	6.32752	4.79431	4.71917	5.3326	4.73136	5.87504	4.62948	3.97083	0.90444	4.09648	3.48098	6.96867	3.17929	7.55117	6.70419	4.65705	1.75165	3.64388	3.94883	2.35529	6.80781	5.24246	7.13464	6.01965	8.2864	8.41077	1.05982	3.79776	3.64664	6.34192	5.46638	8.97317	10.62222	7.6609	5.30872	3.20605	1.58872	1.32695
5.62500563	0	0	3.49873	0	0	0	0	0	0	0	0	0	0	0	0	0	0	0	0	0	2.30915	0	0	0	0	0	0	0	0	0.11449	0	0	0	0	0	0	8.41278	7.45311	18.50361	6.17961	5.82473	9.17267	6.81715	8.26877	1.63335	5.26354	10.73628	4.01611	11.18544	9.67339	10.24407	5.62111	11.10734	5.39743	1.4303	1.5278	7.56131	1.0574	5.95966	6.1531	3.08919	4.50664	2.26483	4.39984	4.53695	6.14708	2.88712	4.35289	3.58256	0.53333	2.7349	2.34492	1.75837	1.93733	3.97877	4.68845	3.26756	1.58204	3.88696	5.10842	0.36936	5.62018	5.94971	11.55931	7.4734	6.74433	8.03591	0.72373	4.77204	2.66313	7.21474	8.00755	5.99313	10.29889	10.91568	10.05131	1.11222	0.92681	2.4267
5.93753094	0	0	0.3932	0	0	0	0	0	0	0	0	0	0	0.4161	0	0	0	0	0	0	0.69362	0	0	0	0	0	0	0	0	0	0	0	0	0	0	0	4.6728	7.18934	15.72446	5.05262	6.20394	8.65895	5.54699	8.40385	2.26735	8.16043	11.98536	3.76671	8.88717	8.38891	10.2295	2.9265	11.26661	8.54823	1.92362	2.05906	6.24751	1.46962	6.62239	6.10523	3.87791	5.26638	2.84773	3.68471	4.32415	5.78949	2.55253	5.29011	3.88615	0.49333	3.13044	3.11756	1.09471	1.37607	1.9929	2.83725	3.35558	1.49995	9.32211	4.11798	1.51223	5.25906	9.03982	8.84956	7.31892	6.04399	6.89515	1.69292	4.25422	2.81227	8.97773	6.42091	6.22315	7.30111	8.94031	12.00208	0.36024	0.65802	3.24681
6.25005625	0	0	0.0079	0	0	0.27203	0	0	0	0	0	0	0	0.78857	0	0	0	0	0	0	0.03726	0	0	0	0	0	0	0	0	0	0	0	0	0	0	0	3.80508	10.98473	12.62123	3.84656	5.04664	9.58886	8.35902	7.81847	2.15347	5.09749	11.63439	3.87888	6.83145	6.38393	15.86599	5.56345	11.10797	10.51664	1.45503	1.86335	5.39975	1.17538	8.21991	6.17494	4.46764	5.8832	4.30482	2.55748	3.81869	4.3001	4.74598	5.18768	2.51827	0.17778	3.67471	3.44763	0.15521	1.58001	4.34273	1.91836	3.73961	1.37391	4.66132	3.28345	1.23829	5.11333	9.14361	8.94875	9.89272	3.97568	8.39445	2.12703	2.9785	2.89586	8.20127	6.75709	7.40843	7.16222	7.42796	7.78895	0.81573	0.90256	4.34995
6.56258156	0	0	0	0	0	0.15953	0	0	0	0	0	0	0	1.5625	0	0	0	0	0	0	0	0	0	0	0	0	0	0	0	0	0	0	0	0	0	0	5.52407	8.20256	11.7032	4.31635	5.33079	9.94258	9.23508	7.10196	1.01474	3.78905	13.04082	5.07731	7.07892	6.05881	13.03628	5.67008	11.32133	6.72744	0.79784	3.4051	4.32467	2.42436	10.81551	6.23261	4.79136	9.08141	4.87515	4.40207	4.68066	4.01835	8.5964	3.96429	1.78406	0	4.74934	1.39023	0.37275	3.55956	7.59246	1.57122	5.12063	2.48181	2.58902	2.43596	1.23337	7.42001	7.08854	8.43355	10.45405	6.83753	7.94352	4.4056	2.40549	3.23044	5.44931	5.14186	10.65632	9.02778	3.61943	6.19868	0.47013	0.93567	4.85497
6.87510688	0	0.01653	0	0	0	0.01302	0	0	0	0	0	0	0	1.19625	0	0	0	0	0	0	0	0	0	0	0	0	0	0	0	0	0	0	0	0	0	0	5.36332	8.31336	8.32799	5.69585	4.1123	9.2512	8.53751	2.11126	1.42069	4.14403	12.84388	3.40487	5.99243	6.04385	12.8673	4.97433	9.13038	12.22094	0.92949	2.12924	3.60126	0.84165	6.21359	8.11581	3.94306	4.20976	4.31048	6.40166	7.60416	4.26212	10.46815	3.3279	2.32787	0.38667	6.00116	2.91531	0.43988	4.65392	6.13549	1.25062	7.15636	2.86351	1.15361	2.97347	0.36056	9.23869	7.0583	9.38882	7.76358	9.3349	8.74828	3.92198	1.67082	2.47382	4.94815	2.14452	12.06247	7.67222	3.00135	4.99216	0.10231	0.76733	2.57253
7.18763219	0	0	0	0	0	0	0	0	0	0	0	0	0	4.06112	0	0	0	0	0	0	0	0	0	0	0	0	0	0	0	0	0	0	0	0	0	0	6.34459	8.10334	6.69759	8.12597	4.88463	10.73454	8.13344	3.8631	0.70602	3.91733	15.09651	1.92528	7.23505	4.68254	11.6157	5.12729	5.92071	11.05261	2.2974	1.377	3.96353	2.78968	5.74627	7.61974	5.72193	5.76128	4.68291	4.48426	8.05561	4.99105	14.17409	4.02162	3.14794	0.40444	2.19432	4.07131	0.16277	3.53885	6.71997	1.35821	7.47821	2.85304	3.85686	1.79477	0.0653	6.50242	5.53637	10.20502	6.31031	7.75453	7.59437	4.16582	1.96894	1.95545	5.25105	2.65339	9.74121	4.47778	3.10405	3.77385	0.43262	0.7148	1.11217
7.4999325	0	0	0.80127	0	0	0	0	0	0	0	0	0	0	0.482	0	0	0	0	0	0	0	0	0	0	0	0	0	0	0	0	0	0	0	0	0	0	6.97936	5.46137	6.59149	11.04637	6.68413	14.54098	6.32451	3.41107	0.65486	3.96581	11.94515	1.94579	6.83229	5.21614	6.40459	4.27734	4.11591	8.67431	2.93802	1.31177	2.13677	3.31115	4.32167	9.28769	8.14722	4.00238	5.56257	2.76661	7.51137	3.25855	16.77471	3.88981	2.82011	0.10556	2.25109	3.31517	0	2.50067	8.44502	1.33368	3.75504	1.71038	2.78734	2.09607	0.7597	3.92363	8.79746	10.06364	6.84072	4.94497	6.46629	4.50923	1.67776	1.42544	5.43985	2.97106	9.5216	3.98111	4.41944	4.11699	1.12496	0.56041	1.15104
7.81245781	0	0	2.36315	0	0	0	0	0	0	0	0	0	0	0	0	0	0	0	0	0	0	0	0	0	0	0	0	0	0	0	0	0	0	0	0	0	8.78807	8.79176	5.28699	8.13584	5.30775	13.57094	4.25968	3.2357	1.84382	3.44316	10.07086	2.64545	5.14946	6.91961	7.55476	5.09378	7.70782	7.11891	3.18725	1.59908	3.31666	3.37402	3.20896	12.86728	8.42346	5.5853	8.10766	3.36435	9.89255	5.2852	22.36748	3.99791	2.71577	0.22667	1.99385	5.12668	0.02374	3.46427	5.90672	0.83858	2.39539	0.58716	3.03131	3.90542	0.22608	2.68607	10.0438	9.78753	7.51877	3.29981	8.08665	2.54005	0.40598	2.81738	3.63114	3.0083	8.06099	2.98667	6.24243	3.86748	1.62616	0	1.81046
8.12498312	0	0	2.50907	0	0	0	0	0	0	0	0	0	0	0	0	0	0	0	0	0	0	0	0	0	0	0	0	0	0	0	0	0	0	0	0	0	10.05128	8.78496	6.46474	9.38984	4.23427	10.74209	4.40768	3.89619	2.38692	4.2973	7.34108	2.26527	5.6127	6.16623	5.92701	6.6989	7.99234	8.53831	3.27873	1.18343	1.99075	2.79466	3.24069	9.39373	8.16782	4.5645	3.7554	4.96372	12.52305	8.28908	14.50994	4.73298	1.97789	0.84	3.70248	4.97977	0.48664	2.58546	4.13402	3.16391	1.98569	1.11338	2.58721	3.88762	0.16388	2.60147	10.95702	5.95129	8.40297	3.67557	3.5817	1.6067	0.64334	1.63907	1.85362	8.32318	8.0438	2.09222	8.16332	5.67607	2.09444	0.08927	2.10438
8.43750844	0	0	2.92088	0	0	0	0	0	0	0	0	0	0	0.00555	0	0	0	0	0	0	0	0	0	0	0	0	0	0	0	0	0	0	0	0	0	0	7.06034	8.99494	6.43608	9.82157	4.76597	9.49752	5.03807	6.00952	2.59865	1.36965	5.99743	2.20367	4.23521	6.73346	8.63826	9.61567	10.30652	7.33866	5.34469	2.03206	2.18146	3.51133	6.73633	10.05943	9.64415	7.36566	2.30817	7.37505	14.10451	6.78223	15.61135	2.92935	1.74749	1.31222	3.76876	3.11946	0.3487	7.03862	3.78748	3.84089	1.27318	0.85338	2.68646	2.88244	1.62236	2.0359	10.56544	4.20828	6.18989	6.19548	4.20327	2.5997	0.28628	1.86853	5.83778	3.28263	8.91141	3.76778	7.74739	2.40199	3.07706	0.40061	1.56287
8.75003375	0	0.00146	2.72964	0	0	0	0	0	0	0	0	0	0	0	0	0	0	0	0	0	0	0	0	0	0	0	0	0	0	0	0	0	0	0	0	0	9.75429	10.24521	6.61168	7.52712	4.92581	9.81604	4.65847	9.87327	4.42177	0.80723	7.02686	1.66348	4.66653	9.8337	11.6345	8.30387	9.58449	4.29785	7.1576	2.02013	1.09553	2.97533	7.66476	8.16771	9.82697	6.70178	2.17257	8.3632	12.50626	4.77781	16.98192	5.54835	1.90415	1.76778	4.03051	5.94704	0.18388	8.31726	3.66633	3.04251	1.51898	1.89177	1.49615	1.7792	0.12091	1.51214	10.00838	4.02232	5.28384	6.8406	2.95997	4.87187	0.0485	4.42727	10.64446	2.06512	7.19822	5.59778	6.49016	2.53197	3.68125	0.8075	1.7204
9.06255906	0	0.06857	1.19582	0	0	0	0	0	0	0	0	0	0	0.0244	0	0	0	0	0	0	0	0	0	0	0	0	0	0	0	0	0	0	0	0	0	0	9.53179	12.30408	8.38741	11.6324	4.0788	12.27766	5.36974	9.61525	7.34606	0.82405	6.26656	3.21034	4.58286	11.35432	10.54437	7.05908	7.14141	5.22638	6.3809	3.34443	0.68142	2.44646	9.62839	9.38672	5.87799	12.11139	3.80434	7.28377	11.29117	3.92133	18.02584	5.99835	1.65136	1.89778	3.78898	7.06353	0.37247	9.54783	2.82456	2.15281	1.96524	2.14523	0.66169	2.34207	0.28234	1.20817	9.95264	7.85102	5.62358	4.50862	4.4819	4.20295	0.29264	1.0875	9.47379	1.82639	5.954	6.48222	6.16153	2.69093	1.70318	1.46397	0.7561
9.37508438	0	0.82531	1.77382	0	0	0	0	0	0	0	0	0	0	0	0	0	0	0	0	0	0	0	0	0	0	0	0	0	0	0	0	0	0	0	0	0	8.11498	18.78028	7.06282	13.91591	4.72079	8.66946	8.13433	12.13103	7.47003	1.611	7.2551	3.47315	3.71301	9.89287	7.93441	6.78057	7.91872	7.57485	7.20567	3.37355	0.51264	2.18603	11.32571	11.95608	5.01256	11.16869	7.18156	7.20927	7.85285	6.29888	18.28071	6.01719	1.81431	2.22556	6.61066	8.15871	0.14226	3.69946	1.83193	2.36396	1.40472	3.09264	3.63545	3.72288	0.81339	2.25397	8.63829	7.95314	6.38113	6.06013	6.12033	3.90002	0.1519	0.35525	6.18148	1.06806	6.73675	7.88556	3.96777	3.53072	0.13599	2.09298	1.29711
9.68760969	0	0	1.86675	0	0	0	0	0	0	0	0	0	0	0.03017	0	0	0	0	0	0	0	0	0	0	0	0	0	0	0	0	0	0	0	0	0	0	7.53574	17.9589	6.20217	9.68411	3.62442	7.22023	10.19336	15.51635	5.33787	1.94289	8.31271	6.19161	4.81312	8.91475	13.4962	6.26393	10.99983	7.53116	12.65596	3.01848	0.71215	1.92328	16.0291	12.8467	2.85746	6.01605	6.58911	4.49572	6.44715	6.41928	17.23659	8.26762	1.93576	2.54	8.61042	4.78453	0.57544	0.71554	1.74929	3.58426	0.36642	3.90926	2.05256	2.46676	0.71615	2.037	9.05304	8.22461	7.55649	6.3801	4.44643	2.70703	0.37259	2.23968	7.23641	2.14727	8.59064	6	3.0942	5.6333	0.56587	1.51845	1.21878
10.000135	0	0	2.1263	0	0	0	0	0	0	0	0	0	0	0.21178	0	0	0	0	0	0	0	0	0	0	0	0	0	0	0	0	0	0	0	0	0	0	6.57871	18.19906	7.56681	11.28938	4.41606	7.62695	11.30559	13.19927	3.80967	1.24201	6.72101	5.42802	3.86098	7.68564	7.26907	4.30764	8.83771	13.38369	12.73513	2.72416	0.00784	2.26021	16.53921	11.43512	4.19036	4.12481	14.40091	8.11649	5.95955	5.09532	11.95173	10.75355	2.43453	2.63444	4.92777	7.00615	1.87512	0.94524	1.80913	3.91623	0.77847	3.8797	2.5094	2.98669	0.5111	1.77301	7.35913	11.40953	8.35017	7.44775	5.22885	3.24636	0.55698	5.6798	7.78488	5.95187	8.15714	4.21222	2.78244	3.85812	0	0.50298	1.72497
10.3124353	0	0	1.09118	0	0	0	0	0	0	0	0	0	0	0.04458	0	0	0	0	0	0	0	0	0	0	0	0	0	0	0	0	0	0	0	0	0	0	6.71084	13.25074	6.62153	14.20666	4.34897	8.13505	10.63736	9.03207	1.98483	0.56584	4.47594	4.41939	4.72852	7.53555	9.88719	4.86008	10.44239	13.3264	8.64972	2.85013	0.99319	3.12471	12.11025	13.67727	3.12568	10.092	23.66957	11.02004	7.25663	3.67143	9.12453	11.65512	2.19556	3.77778	3.40748	7.66075	1.52466	1.41752	2.58711	4.32414	1.11313	3.94487	4.52881	3.61035	0.76811	3.21461	7.86083	14.60431	6.74894	10.9038	4.71366	5.60485	0.08144	5.28998	5.11575	7.12927	9.99447	4.63667	2.28484	4.05548	0.00158	0.20914	2.76158
10.6249606	0	0	1.84382	0	0	0	0	0	0	0	0	0	0	0.1119	0	0	0.24271	0	0	0	0	0	0	0	0	0	0	0	0.33221	0	0	0	0	0	0	0	8.10948	13.1317	7.30984	13.54413	5.78098	9.65884	7.36898	5.86339	2.65454	2.57567	6.17213	5.74702	2.70128	5.68712	15.87014	7.24145	10.1852	12.23285	6.49748	3.04272	0.68486	3.16759	8.28734	9.56062	2.057	9.24665	12.70299	14.71326	9.02514	5.35453	10.6235	14.72963	3.13588	5.77444	3.8974	9.88476	2.18546	3.72131	4.21729	4.24467	2.39895	2.73619	1.96124	2.15892	1.5693	4.75405	7.55448	9.3947	3.44135	9.09529	6.94618	9.24587	0.30002	1.10297	3.95402	8.11775	13.68217	4.31	1.53278	2.55434	0.00538	0.59994	5.31595
10.9374859	0	0	1.19143	0	0	0	0	0	0	0	0	0	0	0.21836	0	0	0.13531	0	0	0	0	0	0.31987	0	0	0	0	0	0.60664	0	0	0	0	0	0	0	8.30356	10.47606	5.25799	11.62392	7.1768	8.32143	8.70385	5.77839	3.15171	2.21198	6.39799	9.3109	2.94814	6.26466	11.6728	10.68605	10.42191	5.50796	4.69022	1.58254	0.56923	3.39051	4.77363	10.09165	1.62983	9.33446	11.42829	9.7328	8.12195	6.76381	9.8205	16.80771	3.05156	5.69222	7.32054	17.85252	4.08173	2.51792	5.47393	2.62014	4.72913	2.66479	0.8141	1.60354	1.39374	4.42049	7.9112	11.73363	4.17003	6.07338	10.24613	10.31422	0.6858	0.83296	2.44466	6.242	13.12577	6.50667	0.14605	2.07983	0.0544	0.49103	5.12307
11.2500113	0	0	1.05552	0	0	0	0	0	0	0	0	0	0	1.04711	0	0	0.23163	0	0	0	0	0	0.67797	0	0	0	0	0	0.08556	0	0	0	0	0	0	0	8.16408	12.12415	4.89917	10.27061	7.01106	6.16948	10.67806	5.91651	3.24145	0.55828	7.81369	11.69365	4.79304	7.12273	10.52689	7.55536	6.63058	9.11053	2.22567	1.17123	1.40215	4.13328	6.60897	8.28362	3.42117	10.28095	16.65707	6.24382	8.55687	6.69901	5.90411	16.87217	3.26554	3.94444	9.70951	13.7889	2.71643	2.10743	4.08668	3.85571	5.5947	3.46505	1.38058	2.24915	1.30779	3.1661	7.93859	7.93381	7.2574	6.9479	10.35515	10.07907	0.8538	0.61115	2.73706	8.01856	11.95687	10.40778	1.39655	1.99198	0.44218	0.41628	4.24142
11.5625366	0	0	0.1113	0	0	0	0	0	0	0	0	0	0	0.34338	0	0	0.45184	0	0	0	0	0	0.86936	0	0	0	0	0	0.01033	0	0	0	0	0	0	0	7.68906	16.23662	6.00033	8.9347	9.21127	2.66828	8.6108	4.85	2.97221	0.51299	12.56496	10.14984	3.23469	7.78609	10.42558	5.48581	7.63686	9.40952	2.49153	2.17989	1.9171	6.52961	6.01843	10.32195	3.70743	10.10341	19.88354	5.45075	10.91759	8.65505	7.84507	19.11635	2.73028	3.41889	7.9343	8.37055	1.8562	2.0182	3.76549	3.98623	6.70308	5.42737	0.87453	2.08305	1.02355	4.5621	7.17465	9.06326	9.19312	5.2484	8.61246	7.05374	1.14688	3.43572	3.52871	5.85796	7.62743	13.40667	2.3768	1.44548	0.23716	0.64748	3.1152
11.8750619	0	0	0.36586	0	0	0	0	0	0	0	0	0	0	0.47117	0.39932	0	0	0	0	0	0	0	0.94836	0	0	0	0	0	0	0	0	0	0	0	0	0	6.94704	17.33181	6.14353	11.67999	11.05474	3.71694	5.2127	5.86354	1.90842	0.40574	10.73804	8.19551	3.2395	9.22563	12.71603	6.462	7.84283	9.86445	4.19962	3.1371	2.86997	8.13533	5.01146	11.15888	4.27306	14.78632	12.9075	10.76744	9.17509	6.49406	6.76679	18.33894	2.32211	3.15556	10.22144	7.21716	0.42129	1.65162	7.00145	3.6373	6.2556	7.1054	1.163	2.8491	0.78494	6.76536	7.0361	7.01021	9.62264	3.42372	7.72536	6.37547	2.98475	6.9685	3.78427	4.28533	8.60276	10.74667	3.46786	2.47288	0.11641	0.82377	2.85857
12.1875872	0	0	0.67326	0	0	0	0	0	0	0	0	0	0	0	1.29259	0	0	0	0	0	0	0	1.5097	0	0	0	0	0	0	0	0	0	0	0	0	0	5.71114	19.22615	8.00974	10.26676	11.23554	2.50587	6.64373	7.50704	2.63187	0.59805	11.13824	9.8978	4.40463	9.9841	9.87721	4.27498	8.65966	9.917	6.04993	1.29875	1.01125	6.56651	8.66787	9.97808	5.02836	17.65422	8.80864	9.88383	7.67812	6.80388	3.1848	15.75486	2.13572	3.04889	8.20303	8.66015	1.17501	0.59318	7.35054	4.43204	4.96796	7.29094	1.22887	3.63867	1.07878	5.68204	7.78337	7.67194	9.8167	7.96487	8.24495	7.50748	3.07795	5.2599	4.90873	4.31584	9.54095	8.07778	1.82264	2.76014	0.01478	1.20609	2.71554
12.5001125	0	0	0.51011	0	0	0	0	0	0	0	0	0	0	0	0.18866	0	0	0	0	0	0	0	1.5093	0	0	0	0	0	0	0	0	0	0	0	0	0	6.53496	16.89969	6.47512	7.04645	11.12197	4.06035	11.64725	11.17732	3.87291	1.39754	11.87829	12.1847	6.05485	8.40413	8.02027	2.87196	8.90401	10.99242	8.18965	0.65946	1.54228	8.50308	7.97751	6.13393	6.94002	19.70252	12.97113	9.02003	8.90344	6.68119	3.02354	13.97938	2.77266	2.58	5.71626	5.81218	0.89983	2.03105	4.88942	4.49771	3.98785	3.67522	1.13603	3.37234	1.74651	5.85965	6.18966	7.44214	6.8256	10.1167	10.3908	13.58473	2.6307	2.88853	3.77545	5.00635	8.36375	10.10778	1.54793	4.07479	0	1.75517	3.44571
12.8126378	0	0	0.36835	0	0	0	0	0	0	0	0	0	0	0	0.23932	0	0	0	0	0	0	0	0.51659	0	0	0	0	0	0	0	0	0	0	0	0	0	7.67438	13.36417	6.93706	4.26137	11.06322	4.29978	14.0547	14.02149	3.24903	1.56027	9.39529	13.34032	9.57053	8.98314	7.13376	4.22112	8.1864	9.94613	7.86849	1.03024	0.9379	8.85165	9.03479	3.53288	6.23749	14.54525	14.68497	9.78225	9.86487	8.92407	7.9308	11.40844	2.28074	2.92333	7.05693	4.54703	1.24433	4.0439	6.88633	1.25956	3.93708	4.89412	0.2308	5.11231	0.88558	5.41976	6.99698	7.80699	3.70759	7.9919	11.38304	7.11384	0.54997	0.89529	4.25391	0.96183	6.82735	9.86333	2.62192	4.21854	0.00012	0.62817	2.23067
13.1249381	0	0	0.12763	0	0	0.00007	0	0	0	0	0	0	0	0	0.11183	0	0	0	0	0	0	0	0	0	0	0	0	0	0	0	0	0	0	0	0	0	6.2923	12.68464	8.431	5.01871	8.62326	3.52831	10.54923	15.16493	2.33032	2.33647	7.57155	10.76694	8.34555	7.12881	6.02621	7.71228	3.35691	9.24895	5.7636	1.40326	1.8915	10.15535	9.03053	3.30936	4.99074	8.88009	15.28661	12.57833	9.32745	7.91388	8.31355	14.62307	1.85315	3.92222	6.22154	6.27986	1.34297	4.84746	7.38268	1.82269	4.19045	5.84913	0	5.88912	0.82575	6.46309	6.55905	7.05656	2.60422	6.71874	9.61843	2.44671	0.79285	0.42832	5.76525	1.30081	5.79702	9.52222	3.55948	3.70391	0.0083	0.58234	1.28805
13.4374634	0	0	0.07788	0	0	0	0	0	0	0	0	0	0	0	0	0	0	0	0	0	0	0	0	0	0	0	0	0	0	0	0	0	0	0	0	0	6.62125	12.13351	8.13709	4.29415	9.72951	3.41525	8.51944	20.92652	2.86364	1.06869	8.52167	8.08027	6.13611	6.44614	6.04801	6.29385	5.44394	9.32087	4.58251	2.64949	3.16022	7.76734	8.31882	4.3481	3.28605	7.17176	5.79789	11.11535	9.02943	8.25853	11.04422	11.98161	2.33978	2.90667	6.50857	3.06141	0.46516	6.00411	5.97484	4.38519	2.82468	6.28999	0.52415	7.10907	0.99244	2.30645	8.41899	6.988	3.15369	6.01314	8.49568	2.04295	0.73366	0.95631	10.00196	1.78332	4.57977	12.32333	4.69682	1.59208	0	1.16036	2.10775
13.7499887	0.36767	0	0.00243	0	0	0	0	0	0	0	0	0	0	0	0	0	0	0	0	0	0	0	0	0	0	0	0	0	0	0	0	0	0	0	0	0	6.60954	14.2975	5.29961	3.79302	11.67102	4.66301	6.34623	19.45025	3.6819	0.85333	4.42461	6.38136	6.22228	6.84717	5.75638	5.76717	4.87739	3.62193	2.4415	2.41885	3.7696	7.44229	7.922	6.24531	3.22346	11.9268	4.92059	9.25422	8.74074	7.2068	7.16357	13.00185	2.70453	2.08111	5.49742	3.81225	0.12042	6.39389	4.86408	7.89204	1.85376	4.38018	1.37021	8.70659	3.01703	3.88846	10.47218	4.66629	6.04556	7.34622	7.70071	1.91234	0.47131	0.71802	8.97479	2.97143	10.00191	11.69889	1.75927	0.54645	0	1.0357	6.10389
14.0625141	1.22864	0	0.29606	0	0	0	0	0	0	0	0	0	0	0	0	0	0	0	0	0	0	0	0	0	0	0	0	0	0	0	0	0	0	0	0	0	6.58361	16.27852	6.43642	5.94233	12.01982	5.53012	19.62693	14.24964	5.22232	1.89721	6.29847	4.13333	6.43093	8.57186	5.02912	6.59939	5.74307	3.76699	3.17661	2.39146	6.21002	7.24493	6.4289	6.29721	1.8928	17.02366	4.06682	9.40407	9.43579	6.58735	6.63531	13.25118	0.96792	2.07889	6.25348	4.88861	0.03871	4.3507	7.43687	5.10966	1.56766	3.61229	1.22808	6.97889	2.66522	3.73824	8.67165	3.13765	7.81939	9.7694	7.04747	1.8449	0.33726	0.04448	8.76664	5.63392	12.06825	7.51111	0.60223	2.52541	0	1.31124	8.19917
14.3750394	1.08894	0	0.66176	0	0	0	0	0	0	0	0	0	0	0	0	0	0	0	0	0	0	0	0	0	0	0	0	0	0	0	0	0	0	0	0	0	7.13735	15.58496	6.61501	9.01474	10.54615	3.10496	18.29292	13.35252	4.71841	2.74396	6.51148	4.05401	7.7086	11.39241	3.18303	6.25204	5.21607	4.89993	5.6624	1.50385	4.97963	7.90951	6.54184	6.52046	5.17037	13.62552	7.23446	7.00997	8.224	6.76679	9.00886	16.84663	1.436	1.88	10.60471	6.06494	0.72934	3.93168	9.21232	2.59905	2.48465	3.1145	2.86613	4.97048	1.93729	3.5928	7.36126	4.19645	6.17617	8.8591	6.24273	1.4732	0.06843	0.01116	6.9441	7.1287	10.06203	4.20444	2.71077	4.27734	0	1.56949	6.0664
14.6875647	0.02077	0	1.2361	0	0	0	0	0	0	0	0	0	0	0	0	0	0	0	0	0	0	0	0	0	0	0	0	0	0	0	0	0	0	0	0	0	8.61605	11.24448	7.43644	11.39885	6.87989	2.91438	20.4117	15.19039	5.94792	2.99642	5.66717	3.44186	10.13386	9.14555	3.87735	4.8514	4.81987	2.96958	3.78733	0.71619	3.67204	8.70286	6.29087	8.15506	5.47129	10.24877	13.78454	5.55139	7.04422	6.59956	10.86333	17.56918	1.54708	2.29667	9.95349	6.25616	0.42754	2.87509	7.73647	2.54788	3.93829	3.53499	2.73857	4.93988	1.57777	3.77814	5.6825	6.27775	4.51601	4.49924	8.17393	2.6295	0.23925	0.38769	3.79287	8.82558	8.31469	3.79889	5.42891	3.33896	0	2.23661	5.07564
15.00009	0.0329	0	1.56553	0	0	0	0	0	0	0	0	0	0.39613	0	0	0.02098	0	0	0	0	0	0	0	0	0	0	0	0	0	0	0	0	0	0	0	0	7.05989	9.84211	7.3117	8.41116	8.32828	3.57355	20.33851	10.93412	5.37167	3.00155	4.69815	5.42234	8.45744	8.44794	2.72236	6.90285	6.53648	4.13985	1.96691	1.2267	1.94254	5.19694	7.05498	7.32531	4.10993	9.8729	13.15591	6.73965	6.73825	6.88531	16.19635	16.90273	2.1101	3.70333	9.05942	5.37144	0.58124	0.66879	4.38497	2.53154	5.1266	2.65097	3.19922	6.11536	1.22213	4.79803	6.14214	6.85501	1.77465	3.98115	7.71864	7.08085	0.55712	0.10917	4.53244	6.61463	7.04568	2.22556	7.40213	3.86504	0	2.50736	5.62764
