0	0	0	0	0	0	0	0	0	0	0	0	0.0054	0	0	0	0	0	0.03111	0.27974	0	0	0.02242	0	0	0	0.53708	0	0	0	0	0	0	0	0	0	7.4691	13.94354	8.49748	2.73754	6.11815	12.81807	3.01	2.69838	1.53547	1.96667	4.91799	1.3661	0.18314	3.42296	0.41769	0.66952	0.10426	0.01559	7.9	2.41092	3.52088	4.41791	7.86453	1.78168	7.12731	3.82684	1.5798	6.09592	11.43732	10.45282	5.26653	1.80122	1.71347	1.01803	1.05088	5.44508	2.53594	0.0088	0.5536	0.85085	0	0.26555	12.45159	4.38719	6.24931	3.34035	2.12648	6.45335	5.98652	1.00095	7.50274	6.8	3.10867	3.39942	0.67874	0.9775	5.55295	0.13644	0	0.38285	0	2.53422	0	0.20185	0.01668	2.47137	3.15283	0.32466	1.68064	0.48205	2.33989	10.21326
0	0	0	0.1007	0	0	0	0	0	0	0	0	0	0	0	0	0	0	0.01556	0.268	0	0	0.15249	0	0	0	1.04683	0	0	0	0	0	0	0	0	0	1.9909	8.36501	5.14904	4.12	6.39487	7.65062	3.55111	6.74643	1.56162	1.78444	7.77637	0.72619	0	2.60582	0.06068	1.14171	0.52416	0.08276	9.12	3.51266	4.23685	7.18762	7.65985	1.50727	5.325	2.73904	1.57074	8.6989	6.19011	7.00592	3.44854	1.96488	1.47472	0.41546	1.38988	3.17626	3.97192	1.30634	1.28767	0.24233	0.0145	0	8.26906	6.23902	4.293	3.89043	1.45279	6.02359	8.08666	0.38017	9.20469	6.83	2.53012	4.35778	2.65812	2.76589	9.17991	0	0	0.51157	0.01991	1.05659	0	0.13467	0	2.34619	3.31223	0.28833	2.88754	0.33652	3.03949	7.99717
0	0	0	0.00465	0	0.08938	0	0	0	0	0	0	0	0	0	0	0.262	0	0	0.19225	0.04565	0	0.96537	0	0	0	0.3139	0	0	0	0	0	0	0	0	0	3.37058	7.33661	5.5413	4.81665	7.51072	12.6094	5.72889	7.326	1.5475	1.07889	3.29596	1.90979	0	1.57767	0.08378	5.72557	1.00867	3.21905	6.15333	4.26236	5.54643	4.55927	7.88348	0.75244	5.77176	10.69694	3.24051	10.48627	5.82929	8.53783	4.26547	0.96083	3.26699	0.12066	2.14529	3.64647	6.1477	2.64108	2.26041	0.02058	0.00837	0	6.53597	6.58086	6.29837	3.5813	0.56683	4.3363	4.78674	1.23502	9.00922	5.39	3.75387	5.36333	4.15794	4.51318	3.74716	0	0	0.62716	0	0.43174	0	1.17325	0	2.66144	1.51191	1.07593	4.88861	0.05977	5.58139	4.13678
0	0	0	0	0	0.40621	0	0	0	0	0	0	0	0	0	0	0.03625	0	0	0.28514	0	0	0.29489	0	0	0	0	0	0	0	0	0	0	0	0	0	3.32288	9.21323	8.867	2.71569	6.20291	9.07525	6.44889	6.57925	2.06513	0.20333	2.64091	1.62638	0.28957	0.99072	0.13176	7.40812	0.01579	4.75883	6.83	3.10704	3.79337	1.93007	4.90672	1.78549	7.18763	10.56574	3.55611	11.53198	8.108	8.11849	4.69371	2.79585	2.80554	0.61054	4.21729	1.92357	3.30829	2.72561	2.67121	0	0.46525	0	7.19862	7.45317	9.76389	3.32819	1.83429	4.12269	3.94937	0.58385	8.35485	7.14	9.39738	4.65991	2.168	6.91173	5.70028	0	0	0	0	0.29608	0	3.19777	0.17234	3.62709	2.19425	1.99062	5.51155	0.05011	6.62655	3.15451
0	0	0	0	0	0.79602	0	0	0	0	0	0	0	0	0	0	0	0	0	0.49726	0.23435	0	0.05448	0	0	0	0	0	0	0	0	0	0	0	0	0	3.97276	7.53828	13.44813	3.93991	5.66096	5.92553	5.01333	5.31115	1.46538	0.41556	3.51057	2.19828	1.31819	0.98193	0.0017	6.31293	0.01756	3.24626	8.18778	3.82608	3.38311	2.06737	3.46432	3.09296	8.38828	9.0993	2.09554	8.70061	8.42918	5.7141	7.43102	4.15783	2.89005	1.03926	4.88126	1.16253	1.6335	2.39142	1.9304	0	1.49536	0	6.17292	11.23132	8.36695	3.99209	0.91029	4.93042	3.32283	0.50909	7.59754	6.76	9.81212	4.69053	2.09206	10.00433	7.47358	0	0	0	0	0.1628	0.29357	5.21275	0.12202	1.07284	0.72552	1.36483	4.57661	0.06084	7.38074	3.32969
0	0	0	0	0	0.87842	0	0	0	0	0	0	0	0	0	0	0	0	0	0.87059	0.29281	0	0.35334	0	0	0	0	0	0	0	0	0	0	0	0	0	2.92742	7.8946	15.69933	4.67049	6.12714	3.25536	5.80667	5.44518	3.62235	0.48333	4.36018	1.99537	2.28803	0.63504	0.26788	5.53386	0	0.85825	5.87556	4.95741	4.58313	1.08468	3.31581	3.90868	9.46244	15.38256	3.55878	9.39257	6.48539	5.32846	8.86013	3.39515	4.08053	0.95055	3.53404	1.19568	0.76111	0.81743	0.31348	0	0.03413	0	5.55193	16.0003	7.6523	4.70211	1.34785	4.8406	4.25521	0.85046	10.26509	6.68	5.43203	5.87397	1.45838	8.84272	2.70392	0.00525	0	0	0	0.47631	1.85766	7.11919	0.56918	0	1.12227	3.08658	2.93255	0	10.07008	3.62758
0	0	0	0	0	0.38292	0	0	0	0	0	0	0	0	0	0	0	0	0	4.57645	0.25579	0	0.17356	0	0	0	0	0	0	0	0	0	0	0	0	0	5.46564	7.92815	14.44077	4.34454	5.02053	5.28643	4.41556	6.96104	5.19378	0.65333	3.88775	3.87603	4.30674	0.81982	0.06141	2.41283	0	0.9245	3.16444	3.98346	5.43687	1.87579	2.46659	3.51458	10.03398	8.29747	2.79718	9.34743	4.07558	6.87189	10.41123	3.50622	3.55405	1.168	4.89247	1.02966	0.00569	1.13401	0.52386	0	0.13307	0	6.96869	8.95671	7.62236	4.25421	1.13226	5.76016	5.36863	0.35736	12.13709	2.9	2.859	7.04916	0.95569	4.8579	2.81923	0.21533	0	0	0.02784	0.77522	1.92173	11.22068	0.45526	0	1.73174	2.97455	2.63813	1.22696	6.50537	3.68325
0	0	0	0	0	0	0	0	0	0	0	0	0	0	0	0	0	0	0	5.24901	0.15134	0	0.88884	0	0	0	0	0	0	0	0	0	0	0	0	0	8.40674	9.91422	11.49552	3.54697	4.62113	5.52918	4.81333	4.36129	2.46207	4.07556	3.76089	4.66174	1.69121	0.3399	1.27572	1.55072	0	0.21879	3.26556	3.12367	3.83009	1.93548	1.93739	3.74517	7.81019	6.43298	2.86244	10.41073	3.50932	4.1021	6.80833	6.24082	2.56826	0.55098	5.09133	1.23508	0	1.71555	1.31695	0	0.4989	0	8.95565	4.79622	6.13071	3.6383	0.59393	4.51716	5.25104	0.43309	9.68677	4.85	2.30134	7.79129	0.91269	2.05834	8.80781	0.06839	0.19067	0	0.32049	0.21805	0	9.39123	0.11602	0	2.05253	3.71261	3.21423	2.72195	4.73484	8.23227
0	0	0	0	0	0	0	0	0	0	0	0	0	0	0	0	0	0	0	4.41613	0.50544	0	0.44264	0	0	0	0	0	0	0	0	0	0	0	0	0	12.55361	12.45238	9.62627	3.20995	5.86242	8.61282	4.39667	3.94465	3.82176	2.61778	2.58854	4.10203	1.15274	0.61166	0.27843	3.81098	0	1.23561	3.64778	3.97399	2.26297	2.18524	3.62259	3.19523	6.54428	4.91187	3.15831	8.91586	4.05327	3.04791	7.16691	8.12294	2.39518	0.63415	2.78633	2.0998	0	0.89917	1.52249	0	1.11833	0	10.19116	5.58283	7.08284	4.49681	1.04971	4.34596	5.40885	2.51638	8.4621	1.15	1.93993	7.66472	0.94286	2.50311	6.88775	0.4731	0.34081	0.11589	0.83108	0	0	10.18786	0.94861	0	1.75204	4.92222	2.67863	5.26498	3.18413	8.24958
0	0	0	0	0	0	0	0	0	0	0	0	0	0	0	0	0	0	0	0.98585	0.56654	0	0	0	0	0	0	0	0	0	0	0	0	0	0	0	9.54373	10.04574	7.30509	3.12794	8.33619	10.10422	3.37444	4.03973	4.28477	0.35444	2.88049	3.47829	0.53272	0.92658	0	6.11576	0.02672	1.42526	3.84444	3.69593	2.82442	3.20451	2.61054	3.42552	6.65214	4.91615	5.53518	8.43147	4.11795	4.80096	9.84065	8.23711	3.85681	0.8174	2.00552	6.19471	0	2.09056	2.44149	0	0.59113	0	10.06265	5.63667	6.12449	3.01151	1.79619	3.71031	6.54802	1.26369	8.43263	3.36	1.66091	7.09021	0.48223	5.61067	5.46525	0.52896	0.0484	0.17866	0	0	0	7.82154	0.74434	0	1.16785	3.51494	2.72891	4.32069	3.44334	6.00877
0	0	0.00027	0	0	0	0	0	0	0	0	0	0.13524	0	0	0	0	0	0	0.09018	0.01784	0	0	0	0	0	0	0	0	0	0	0	0	0	0	0	12.16738	7.55073	6.56123	2.51513	8.3969	6.95448	1.96889	3.05201	4.23104	0.16889	3.51299	3.21172	0.00258	1.0391	0.07633	5.97284	0.17886	0.73997	5.26333	2.14179	3.14807	5.95148	3.08883	5.3475	8.42747	8.11239	4.47057	9.43054	3.51938	6.04512	8.6166	6.13881	5.16104	3.27186	2.38294	5.17738	0.16095	0.9278	0.74501	0	0.51965	0.25541	7.8724	7.50562	3.76527	3.00671	2.15931	4.10256	8.51266	0.25608	10.69765	3.59	1.29732	4.23102	0.93194	11.2187	1.77201	0.25394	0.12549	0.35031	0	0.11167	0	6.37003	0.53802	0.01512	2.15808	3.11247	4.27735	2.07453	4.17908	5.58873
0	0	0.50673	0	0	0	0	0	0	0	0	0	0.23183	0	0	0	0	0	0	0.01027	0	0	0	0	0	0	0	0	0	0	0	0	0	0	0	0	8.38332	8.09175	6.61392	2.99494	11.41773	5.36143	2.61667	1.54451	2.98756	0.39333	4.34739	2.84586	0.40797	0.64455	0.76877	6.39348	0.15069	0.47641	6.04889	1.60449	3.16488	8.08169	3.84628	2.84845	11.0025	11.18608	3.34423	10.20843	3.40334	5.61324	7.0257	5.3065	6.11773	4.10731	4.18917	2.38769	0.10694	1.30849	0	0	1.78716	0.30564	6.00005	11.86029	4.60187	1.58223	4.21374	3.65232	5.97808	0.37116	8.64863	3.61	1.40285	5.10949	0.77981	9.60442	1.26387	0	0.01866	0	0	0.40523	0	6.97886	0.66937	0	1.31216	2.20027	5.26248	1.61895	2.82508	3.70752
0	0	0	0	0	0	0	0	0	0	0	0	0.42111	0	0	0	0	0	0	0.22527	0.04772	0	0	0	0	0	0	0	0	0	0	0	0	0	0	0	5.34982	7.74645	7.15369	3.9396	8.22166	7.61829	2.80556	2.08914	3.19067	0.52778	2.48306	3.14393	0.19834	0.77853	0.89213	3.18337	0	0.64247	5.80111	2.69674	4.71003	6.04763	4.03413	2.98228	7.04069	14.44527	4.94799	10.70002	5.06301	4.96062	6.00727	5.28409	5.06453	0.44032	5.68715	1.63854	0.08287	2.31544	0	0	1.57221	1.08961	4.83693	13.27089	5.07552	1.81113	5.76115	5.03352	2.4595	0.77644	8.85382	2.21	2.28503	6.04326	0.92241	7.69124	1.05847	0	0	0.00555	0	0	0	5.78261	0.12406	0	0.06097	1.0744	4.51975	5.02111	3.43047	1.99016
0	0	0	0	0	0	0	0	0	0	0	0	0.90856	0	0	0	0	0	0	0.0166	1.08564	0	0	0	0	0.01983	0	0	0	0	0	0	0	0	0	0	7.28495	8.42956	6.3584	6.0353	8.69509	5.87866	3.91222	0.39465	4.79115	0.8	3.27451	2.51487	0.15912	1.24886	0	0.37078	0.00026	1.0453	3.44222	4.96437	3.91087	4.0004	3.50123	3.40026	6.47872	17.32982	5.03759	11.96851	2.95884	3.77643	5.76528	7.2713	2.81271	0.06852	5.57921	3.68486	0	0.45367	0	0	1.20358	1.09032	4.24619	12.51272	3.83224	3.4805	4.72482	4.83793	2.56415	2.53612	4.37407	5.35	4.51394	6.80624	1.03904	4.43648	0.8927	0	0	0.05385	0	0	0	5.5171	0.29687	0	0.02393	0.63377	3.45854	1.16786	2.49834	2.47394
0	0	0	0	0	0	0	0	0	0	0	0	0.3512	0	0	0	0	0	0	1.03581	0.41092	0	0.00072	0	0	0	0	0	0	0	0	0	0	0	0	0	7.639	6.6159	3.50387	7.19365	6.79208	5.95571	7.31111	0	4.08367	2.20444	3.33444	2.37676	0	1.06286	0	0.2846	0.05257	0.98941	3.15222	4.39332	2.66817	3.40465	4.11473	4.50564	7.29501	12.45895	7.20248	11.6027	2.78145	3.35192	5.60284	5.38936	2.77734	0.04598	4.48372	5.72196	0	0.16203	0.72133	0	0.15644	0.44139	4.50926	10.26267	4.22956	4.10535	5.42798	3.58747	2.2413	1.78816	4.21186	7.99	7.10936	7.356	1.91267	2.39697	1.62967	0.27681	0.02047	0.00246	0	0	0	7.2188	0	0	0.12424	0.70667	2.79603	0.24707	2.41855	6.86255
0	0	0	0	0.01762	0	0	0	0	0	0	0	0.71096	0	0	0	0	0	0	0.27645	0	0	0.00014	0	0	0	0	0	0	0	0.62075	0	0	0	0	0	7.62283	4.74332	2.96478	4.61686	5.25478	6.0843	8.32667	0.09456	5.21593	2.59556	5.01011	2.5935	0	0.73914	0.06766	0.32696	0.00125	2.00336	4.50333	3.72078	3.60087	4.54262	2.99789	4.79281	5.99128	10.52631	6.46639	10.26985	4.80701	2.31545	3.77704	3.79286	2.95139	3.68611	2.46543	4.19021	0	0.73735	3.95359	0	0.33074	0.01238	5.89111	11.88478	4.99069	2.84072	5.20703	3.46235	3.25261	1.22356	5.00031	4.85	8.88498	4.9767	2.1048	0.27973	3.33736	1.00009	0.0622	0	0.0038	0	0	4.88386	0	0	1.09762	1.44847	3.31431	0.00812	2.03019	6.93489
0	0	0	0	0.46091	0	0	0	0	0	0	0	0	0	0	0	0	0	0	0.00344	0	0	0.11034	0	0	0	0	0	0	0	2.00345	0	0	0	0	0	10.97871	5.71853	2.52145	4.93344	6.22719	5.8462	10.71778	0.59639	3.27938	1.61444	6.45951	2.01588	0	1.04594	0.83648	0.08343	0	3.48732	4.44	4.77291	3.3516	4.15209	2.64374	4.19013	5.33071	9.38516	4.91515	10.79162	5.95933	8.50339	1.59399	5.15201	2.57117	1.00554	1.99824	2.79505	0	0	4.14899	0	0.10491	0.59515	7.29519	8.26018	5.10076	2.36983	3.34907	3.94325	3.75962	3.42434	6.42375	11.02	7.90199	7.07142	3.52995	0.1667	6.13566	0.28124	0.00641	0	0.10256	0	0	4.52409	0.08174	0.02764	2.3134	4.46397	2.6429	0.38252	0.81186	6.46523
0	0	0	0	0.85901	0	0	0	0	0	0	0	1.10992	0	0	0	0	0	0	0	0	0	0.6196	0	0	0	0	0	0	0	0.38137	0	0	0	0	0	11.60702	6.81687	1.37868	4.9737	15.12721	5.31889	10.64556	0.73047	2.03615	0.90444	6.42566	2.43525	0	2.41005	2.61585	0.20957	0.43028	3.74203	3.76	4.21344	3.43481	3.18281	3.63235	2.81057	5.53884	10.97887	5.325	8.36816	6.58969	12.52469	2.21583	5.0228	3.03197	0.55859	1.13059	0.9079	0	0	5.89272	0	0.12429	1.59994	8.34933	7.07132	7.10686	2.68672	2.6382	2.96015	3.35219	2.79842	11.01313	9.77	4.66077	5.59887	3.10109	0.26546	4.19844	0.17155	0.01753	0	0.60663	0	0	2.82827	0.60406	0.00973	1.34518	4.15218	2.08243	0.42761	1.78275	4.26951
0	0	0	0	1.2188	0	0	0	0	0	0	0	0.47589	0	0	0	0	0	0	0	0	0	0.19861	0	0	0	0	0	0	0	0	0	0	0	0	0	8.57869	5.95399	1.49485	6.12532	8.05565	4.762	9.62667	1.75271	0.43176	0.70111	4.16097	4.341	0	1.90718	4.23074	0.095	0.10479	4.57629	4.39333	2.39509	3.33306	2.33814	4.62666	1.9133	4.8317	10.46271	5.65565	6.70412	6.51947	15.08596	2.36491	3.27315	3.49826	0.03352	0.04282	0.64391	0	0.02124	7.16065	0.10001	0.03531	2.83684	5.12482	6.14413	9.02217	3.82183	4.41636	2.52884	3.40346	3.76974	4.61212	10.26	2.32648	5.46881	3.33661	2.09935	1.93597	0.20609	0.10129	0	1.06048	0	0	0.94875	0.01595	0	0.39495	3.34008	2.6617	0.15594	5.69539	2.06334
0	0	0	0	1.22049	0	0	0	0	0	0	0	0.16932	0	0	0	0	0	0	0	0	0	0.96318	0	0	0.03648	0	0	0	0	0	0	0	0	0	0	12.31974	6.57602	1.9911	7.07033	6.07489	6.49953	7.43222	0.79548	2.04887	1.31222	3.08375	5.10093	0	0.65144	1.46312	0.19238	1.27706	3.26127	4.82333	2.88217	2.38271	2.58821	4.13619	1.27598	3.05743	11.9448	5.81708	5.35338	3.35537	8.63175	2.99656	2.99754	3.06074	0.0019	0.02909	0.65572	0	0.2101	5.06038	0.1609	0.02997	4.62244	2.89649	5.19	10.10754	3.55401	5.97935	6.70996	3.38869	2.44733	5.4986	3.3	1.98751	4.99539	2.35354	4.51507	0.87376	0.07737	0.0023	0	0.99569	0	0	0.33728	0.68974	0.12926	2.04228	1.65724	2.13532	1.26581	3.95905	3.22151
0	0	0	0	0.03075	0	0	0	0	0	0	0	0	0	0	0	0	0	0	0	0	0	2.6841	0	0	0.11351	0	0	0	0	0	0	0	0	0	0	14.10572	6.04146	1.7926	5.38144	4.09281	5.238	4.43889	2.06045	1.79848	2.02444	2.77576	2.66789	0	1.11004	0.7101	0.3234	1.73982	1.6891	2.84222	3.15255	3.04163	2.81362	4.40758	1.69803	2.90929	10.56798	7.26172	7.37554	1.82989	5.19386	4.55047	1.86478	1.79329	1.14279	0.25001	0.66	0	0.37488	5.87646	0.41528	0.56662	5.55183	2.96173	4.88351	9.64604	2.02788	7.59053	4.82418	5.0811	2.70408	5.07796	1.63	2.00479	4.98248	2.57417	8.33134	3.15534	0.05863	0	0	0.29539	0	0	0.02753	1.03202	0	2.07335	0.47212	2.10287	2.78672	5.54387	7.78993
0	0	0	0	0.04729	0	0	0	0	0	0	0	0.01417	0	0	0	0	0	0	0	0	0	0.93756	0	0	0	0	0	0	0	0	0	0	0	0	0	17.88302	4.833	6.23501	5.63052	1.83221	6.5422	4.80778	4.43915	3.60962	6.25556	1.16832	2.65186	0	0.17389	0.0832	0	1.11453	1.17704	3.44333	3.17817	3.33951	4.0735	4.61887	1.65972	3.88612	8.75137	7.8337	6.6287	2.52503	2.66453	3.92899	1.23943	1.26176	1.4244	1.41864	1.38686	0.28291	2.74965	5.24088	1.37408	0.25805	4.36859	2.50219	3.30291	6.72347	0.77668	6.20234	4.89506	4.80537	3.89872	3.51674	1.33	4.24781	5.45798	2.53608	7.90107	2.57112	0	0	0	0.1426	0	0	0	0.26165	0	1.85184	0.51935	1.48383	3.14798	5.09246	7.15427
0	0	0	0	0	0	0	0	0	0	0	0	0	0	0	0	0	0	0	0	0	0	0.05424	0	0	0	0	0	0	0	0	0	0	0	0	0	15.86029	5.52188	2.77004	5.25484	2.98073	6.56451	6.40333	1.59896	0.88988	7.13333	4.89219	4.88214	0	0.18905	0.17748	0.03299	2.0753	0.56908	3.45889	6.37735	1.89943	2.92732	6.29233	1.4786	4.32134	10.23165	11.60441	4.16382	2.77937	3.3011	2.89076	1.34053	0.93191	1.84953	2.45265	2.91621	0.91426	1.3315	3.14729	1.39179	0	1.3128	2.6107	2.44975	6.77639	0.98788	4.77303	4.64418	4.77762	3.73953	2.09698	2.67	8.36129	5.64628	1.94301	5.99609	1.68441	0	0	0.06963	0.29332	0	0	1.03494	0.37065	0	1.92106	1.8445	0.96415	2.665	3.86523	5.67667
0	0	0	0	0	0	0	0	0	0	0	0	0	0	0	0	0	0	0	0	0	0	0.05176	0	0	0	0	0	0	0	0	0	0	0	0	0	13.80989	5.61006	3.03135	5.08882	4.97565	5.98569	7.74778	0.51121	2.08455	6.97	8.60764	6.82413	0	0.4327	0.06586	0.12175	1.4385	0.52643	5.11	6.39547	2.26583	2.48311	3.22241	0.86192	4.02938	10.07821	13.44213	4.21117	5.08156	4.75017	3.1352	0.96363	1.08446	4.11191	0.24155	5.44419	2.86755	0.13547	2.38993	0.36419	0.69267	0.50826	4.05085	3.57534	10.26419	0.97577	7.32741	3.93576	2.46898	6.00765	3.22387	7.85	8.56251	4.76839	2.59385	3.42267	2.46036	0.19287	0	0.03516	0	0	1.94016	0.81467	0.86609	0.08445	1.9173	2.33137	4.23245	0.86817	4.08835	4.71528
0	0	0	0	0	0	0	0	0	0	0	0	0.55857	0	0	0	0	0	0	0	0	0	0.0108	0	0	0	0	0	0	0	0	0	0	0	0	0	13.47158	4.99853	3.92755	4.90988	4.57708	5.81681	7.83556	1.39275	2.15364	5.45778	10.82122	4.20055	0	0.30643	0	0.29964	0.75312	0.47351	4.89444	2.93986	5.3499	4.99071	4.66979	2.432	4.28615	9.57554	8.53986	6.92385	11.40366	6.16165	2.35034	0.90283	2.6487	5.34375	0.21909	4.24899	1.92641	0.0496	3.24326	0.61727	1.92521	0.4146	3.57282	5.99441	12.11858	0.98552	2.11879	2.74698	1.83411	7.4393	3.96856	6.83	6.31044	5.29328	3.8074	5.55545	2.95152	0	0	0	0	0	5.18239	0	0.08938	0.01567	1.39461	1.41173	6.58455	1.09135	6.51137	2.85718
0	0	0	0	0	0	0	0	0	0	0	0	0.41629	0	0	0	0	0	0	0	0.84557	0	0	0	0	0	0	0	0	0	0	0	0	0	0	0	14.69276	5.38942	6.41882	3.09652	6.13783	4.36257	7.82444	2.96551	1.18907	3.96667	11.49004	2.49832	0	1.02165	0	0.20726	0.37319	0.6988	4.29778	3.1843	6.53072	3.23947	3.39046	2.56027	4.85006	7.95636	8.31508	6.84565	7.62349	7.63765	0.55416	2.44621	3.5917	5.31845	0.7451	3.08297	1.71837	0.10525	3.03989	0.0367	1.68692	1.02882	4.34936	10.5087	11.79097	0.60199	1.99229	2.00816	1.15548	8.16561	3.95625	3.48	4.55325	3.28993	5.53507	6.35895	1.00811	0	0	0.17252	0	0	6.1466	0.00146	0.03906	0.00105	0.51623	1.83929	4.56482	1.06682	5.22875	2.98368
0	0	0	0	0	0	0	0	0	0	0	0	0	0	0	0	0	0	0	0	0	0	0	0	0	0	0	0	0	0	0	0	0	0	0	0	11.79684	6.86086	4.48405	5.23661	7.63743	4.64307	11.9	7.62949	2.71249	3.48111	11.21663	2.55541	0	2.3614	0	0.0022	0.23993	1.56603	4.28556	4.6032	5.00446	1.56885	3.5058	3.28564	3.7202	8.39715	8.39011	6.6153	7.79145	6.6739	0.10969	3.54383	3.80686	4.84692	0.99392	1.6517	0.97428	2.07814	2.0698	0.09338	0.90846	1.17787	6.50991	7.63544	13.85714	0.20687	2.56642	2.50054	1.40075	3.24704	6.10884	4.75	5.83233	2.27749	3.00166	5.34617	0.05591	0	0.01602	0.43353	0	0	6.13715	0.52955	0.2248	0	0.76583	1.50264	2.61267	3.3802	3.74074	2.76079
0	0	0	0	0	0	0	0	0	0	0	0	0	0	0	0	0	0	0	0	0	0	0	0	0	0	0	0	0	0	0	0	0	0	0	0	10.10949	2.95561	3.63735	4.3514	7.05877	4.26436	12.23333	4.98075	1.46993	3.68333	7.58796	4.77161	0	2.85802	0	0.13796	0.13995	5.51537	4.11	3.55213	3.52047	2.60397	5.81947	4.61699	5.32266	7.21511	4.96209	6.15122	5.51273	8.31498	0.75249	2.79137	3.27882	2.60986	2.27653	1.55251	0	0.56876	0.3399	0.07881	0.19141	2.4578	6.14786	5.14532	14.13495	0.29877	3.0766	2.79969	1.01488	3.41953	6.9558	6.23	8.04155	4.23728	2.42801	2.18722	0.48825	0	0.39817	1.07301	0.06614	0	5.21865	2.32071	0	0	2.19695	1.1075	2.81986	4.38106	5.82728	1.68296
0	0	0	0	0	0	0	0	0	0	0	0	0	0	0	0	0.02921	0	0	0	0	0	0	0	0	0	0	0	0	0	0	0	0	0	0	0	14.3169	1.2362	3.9704	2.69986	5.29037	5.31177	10.38222	2.39775	3.01748	3.82222	3.60868	4.2268	0	2.37077	0	2.58641	0	6.91171	4.78667	2.87213	3.09196	1.86756	5.20337	3.56058	5.15751	7.29636	8.88869	4.33241	7.49447	9.77272	2.06139	2.04088	2.50833	0.81617	4.20719	1.6435	0.00179	5.88829	0.04315	0.81068	0	0.19636	8.06179	7.95268	9.47454	0.36748	3.02975	3.86379	1.54678	2.7586	6.69499	7.88	8.38195	4.48998	3.5475	3.34152	2.24765	0	0.14114	1.61709	0.56777	0.14973	3.37597	3.14075	0	0.1703	3.10247	1.68341	3.12662	3.30389	4.33509	1.34762
0	0	0	0	0	0	0.14144	0	0	0	0	0	0	0	0	0	0.14642	0	0	0	0	0	0	0	0	0	0	0	0	0	0	0	0	0	0	0	15.09857	4.98867	4.41654	2.79413	6.0116	4.66084	7.75111	2.35737	3.1188	1.66	2.98088	3.54303	0	0.57168	0	7.27006	0	5.03098	3.51444	2.8406	2.02795	2.03518	6.42701	0.86455	4.63903	6.8519	8.79101	4.95178	8.16416	6.36173	2.46528	2.55203	2.19667	0.70067	3.02564	2.51987	0	5.36431	0.2024	0.91293	0	0.00284	10.21817	4.04142	6.10819	1.30307	3.08018	3.77897	0.54158	5.31444	8.16136	7.66	8.96302	4.00879	5.01215	2.64135	6.3974	0.00786	0.23952	0.1094	0	0.63428	3.57001	2.33712	0	0.10537	4.67534	2.68636	1.69286	4.49594	2.36311	1.66097
0	0	0	0	0	0	0.87012	0	0	0	0	0	0	0	0	0	0.32205	0	0	0	0	0	0	0	0	0	0	0	0	0	0	0	0.04411	0	0	0	11.41847	2.57029	4.32928	2.62228	6.35231	6.18749	6.65	2.29323	4.33907	1.38222	1.93789	1.76895	0	0.31015	0.00242	7.69378	1.80125	1.66664	3.01333	2.97484	0.86352	2.38688	11.34786	1.10835	5.2242	7.84994	6.86927	7.37224	12.32463	3.55014	2.09201	3.55199	2.94175	0.7035	0.86398	2.08033	0	4.68032	1.00098	2.2536	0.30769	0.07468	13.87559	2.23837	7.27535	2.13526	1.60402	3.04564	0.97441	5.8911	7.92013	4.12	10.38227	3.09893	2.29375	2.9979	4.09129	0.00416	0.00969	0.014	0	0.73047	6.67315	0.66896	0	0.04989	3.19492	2.85721	2.3098	4.94229	2.70754	4.32284
0	0	0	0	0	0	2.27255	0	0	0	0	0	0	0	0	0	1.20262	0	0	0	0.22486	0	0	0	0	0	0	0	0	0	0	0	1.47154	0	0	0	10.37146	2.90894	5.59023	3.31017	6.59781	4.6799	4.55222	2.36291	5.39542	0.92111	2.50776	0.98082	0	0.69951	0.022	4.65629	4.53991	1.74094	3.24444	2.8338	0.98491	2.74325	11.4562	1.73088	6.20279	8.63738	7.16056	10.17181	16.40119	6.60059	1.42968	3.46827	2.5769	0.71097	2.91347	3.57936	0.04616	1.86894	2.33374	0.60312	0.82664	0.23962	14.04537	1.59432	9.34904	2.25623	2.68891	3.06936	1.24995	5.37176	4.36082	3.82	8.20544	4.14347	1.42176	2.45228	0.36518	0.00141	0.85014	0	0.0035	1.04282	6.95237	0	0	0.54049	3.59363	3.31725	3.86478	0.91811	3.34046	5.65402
0	0	0	1.14223	0	0	3.21016	0	0	0	0	0.00056	0	0	0	0	0	0	0	0.73324	1.70281	0	0	0	0	0	0	0	0	0	0	0.00489	4.26866	0	0	0	14.72845	4.9103	4.84479	4.79596	6.80878	4.29288	4.87667	1.5116	6.52119	0.56111	3.2407	1.10752	0	1.12485	1.03661	8.60694	3.53155	1.76621	2.71	3.67798	0.79171	3.41241	14.41557	1.70861	8.5659	5.7309	6.91569	12.54122	13.70972	5.71216	5.73314	2.63059	3.82401	1.01948	5.74272	6.63469	1.61562	0.07436	5.05777	1.72596	0.54604	0.323	11.67875	2.30722	8.80328	3.49103	3.01932	4.40702	2.30915	2.94138	3.05424	3.71	4.66417	7.13167	2.17177	1.72564	0.43696	0	2.48159	0	0.05086	3.57322	3.74598	0	0	1.2994	4.09094	1.45146	6.29642	1.76577	3.25763	4.82118
3.02854	1.09633	0.0002	3.90121	0	0	4.42823	0	0	0	0	0.17346	0	0	0	0	0	0	0	1.61009	1.06007	0	0	0	0	0	0	0	0	0	0	0.11457	6.86954	0	0	0	16.95216	5.6038	3.85934	4.16983	9.08429	4.96729	6.30556	0.38729	2.9446	2.94111	2.33011	3.90505	0.00322	1.01137	1.83986	6.6532	1.72198	2.087	2.86556	3.5218	3.41153	2.365	19.01765	3.38702	7.04973	4.06911	10.9078	11.30914	12.6752	3.7408	18.1352	1.76786	2.87684	0.75894	5.21322	4.53327	5.96912	0.03393	6.20013	3.38138	0.87488	0.21424	12.63086	7.06256	9.63188	7.5891	4.08384	5.64451	2.76485	2.55204	3.79926	1.72	3.76588	4.69533	1.28158	0.69546	1.51911	0	7.68191	0	0	4.01358	1.64451	0	0	18.9632	6.2824	0.36865	7.08373	6.20612	4.26479	5.44913
7.30771	15.35157	0.94218	6.54686	0	0.18773	6.89841	0	0	0	0	2.90415	0	0	0	0	0.00321	0	0	1.19333	0.93515	0	0	0	0	0	0.0499	0	0	1.84E-14	0	1.5065	8.0731	0	0	0	22.82412	6.7224	3.48416	1.72972	10.46015	5.98502	8.18889	0.38729	2.52973	8.54	2.05169	5.00608	0.00327	1.15595	3.77953	2.46507	0.68638	1.73953	4.47667	2.21405	12.21644	1.94201	23.36217	4.57759	5.60106	5.01854	10.13147	11.92721	17.26925	5.10677	28.19193	4.352	2.58313	1.73572	3.00923	4.91922	2.40544	0.00347	2.78042	6.11296	0.63488	0.12594	9.23241	20.49991	11.66726	11.35472	8.00735	6.30648	3.85275	3.21031	4.00718	3.79	3.98349	2.60668	0.74306	0.20661	4.73794	0.3083	12.24047	1.77395	0	4.85385	0.44377	0	0	37.42458	6.10834	0.99294	5.69312	3.25486	5.79095	16.65111
12.15292	21.45248	1.55887	7.5184	0	3.52379	6.88758	0	0	0	0	14.94554	0	0	0	0	0.27904	0	0	0.44804	0.2722	0	0	0.62062	0	0	0.36251	0	0	0.32333	0	6.12954	11.52297	0	0	0	35.19961	11.71282	4.04783	5.005	13.94948	7.86957	9.43889	5.13637	0.57308	10.96	4.00981	14.98701	0	0.51785	10.28285	3.66371	0.45753	1.40746	5.68778	4.08163	21.65044	1.73014	24.36742	1.24097	5.09651	7.56819	10.17388	12.65367	17.18858	10.87208	18.56687	14.74177	2.03125	5.22581	0.31082	5.46758	0.87797	0	0.99584	7.91808	1.38105	1.07808	5.38339	40.7364	18.27811	21.55931	14.07155	4.18172	6.89214	2.96211	2.66151	4.1	2.39167	2.54839	2.3197	0.01985	6.43998	0.34677	15.15816	5.25238	0	9.12373	0.37983	0	0	33.04752	9.09091	3.59243	5.13153	0.92343	16.30161	32.33446
18.71825	21.123	3.64601	23.20034	0	3.56629	7.49437	0.55187	0.65637	0	0	20.21338	0	0	0.38697	0	0.51505	0	0	0.09178	0.07957	0.10304	0	3.54752	0	0	0.01989	0	0	6.00667	0	12.7086	14.12223	0	0	0	39.52202	23.03672	4.97439	9.64449	23.67631	24.46083	7.87333	6.0639	0.65746	6.16333	5.6951	17.85	0	0	12.22787	4.55375	0.43526	0.87438	9.47	4.27922	26.30224	1.52637	29.15375	2.07711	6.22812	11.07245	10.78465	17.00923	13.28302	9.94571	10.11669	25.04003	3.5183	8.48431	1.58956	8.0948	0.37594	4.87081	0.34168	10.12932	1.14678	4.65391	5.71025	35.38255	33.27425	29.07064	19.80859	3.91412	9.4946	2.05128	2.75759	1.62	3.16912	1.31698	3.69389	0.24714	3.96592	0.5799	18.98689	5.45272	0	12.06768	0	0	0	19.94774	20.48623	22.86637	5.67311	2.50041	27.10918	26.71229
17.03515	15.86711	0.00024	38.78149	0	1.18277	10.58418	1.86898	2.12632	0	0.08649	28.5749	0	0	3.42902	0	0.26131	0	0	0.01412	0.50559	0.71237	0.02589	9.01383	0.08702	0	0.15195	0	0	15.92667	0	20.37845	13.09621	0	0	0	36.82514	33.68555	5.10895	10.77246	32.45265	40.5762	7.02444	5.80393	6.15152	3.15333	7.1026	20.33727	0.07942	0.03506	10.49604	4.20814	0.59223	0.93106	13.80778	4.35327	21.12263	4.1668	25.69279	2.96097	8.69622	17.32077	9.48699	24.58157	13.66409	5.94965	4.99743	25.40881	3.98176	14.53772	3.89883	6.68041	0.33334	19.20826	0.08984	11.52621	0.16158	13.40275	10.91517	19.80401	35.97072	30.36273	25.3785	4.13325	18.11542	5.94815	4.73674	6.73	6.11616	2.96367	5.65481	0.52704	4.5572	0.18627	17.69075	2.46699	0	13.92595	0	0	0	13.44013	27.76959	38.41591	3.85331	8.3809	27.23305	17.63495
18.945	15.38265	1.58342	40.95	0	3.83788	11.08827	2.75314	3.72567	0.16149	1.26175	22.57828	0	0	9.53461	0.41206	1.73513	0	0	0.00558	1.43942	3.44937	0.01763	14.08352	4.64138	0.0238	0	0	0	6.59667	0.07986	24.51284	15.36304	0	1.55774	0	33.10734	32.98986	4.24826	11.05583	31.35646	34.86554	3.90556	4.4754	3.96958	5.38444	5.31114	15.70539	1.22444	0.09363	7.59546	0.62936	1.28455	0.7815	20.81444	3.43363	21.05464	22.98427	22.1311	5.09427	4.05242	31.01293	11.3953	36.36125	19.36513	8.96654	6.16577	19.98297	6.39166	19.229	4.36767	4.90419	0.90945	20.82319	0.03443	13.8787	1.87794	23.39597	16.86663	13.48047	24.23867	31.73596	30.70992	3.86609	26.72255	6.09483	10.61888	5.43	5.18046	5.24484	21.47657	0.2289	18.07338	0.02847	13.49811	2.14961	0	27.6016	0	0.02201	0.26883	11.0083	23.99897	36.83207	4.0699	22.29588	22.25672	12.8661
21.6789	12.52465	8.7645	36.29729	0	5.19642	9.81416	5.99101	6.19998	1.00677	7.02439	23.01979	0	0	12.53276	2.96096	2.12933	0.67425	1.21556	1.48784	1.22008	8.32508	0.73027	16.42476	14.96186	0.34854	0.00047	1.01333	0	4.49	0.55755	21.28204	16.74375	0.16736	8.93632	0.03167	32.35916	25.40584	6.44777	13.23219	32.2747	26.64726	2.47889	3.23338	5.98199	14.2	3.28345	10.38053	0.71873	0.10349	8.29974	6.53531	3.80243	27.70856	29.84889	4.28672	18.17185	26.79381	21.78798	13.23988	8.87595	40.6878	10.37247	40.62433	35.75723	9.79128	5.5433	15.35351	5.0256	17.64297	4.08983	5.16337	4.87882	27.19942	0.18546	12.98396	3.81133	28.30403	15.67883	16.13229	16.99432	32.67046	36.55525	3.76421	28.11839	6.93871	15.92624	10	6.75133	8.23708	33.2563	0.98163	31.2162	0.02494	9.77062	4.967	0	39.21213	2.41634	1.15019	2.59753	9.2775	24.69248	33.87338	12.78771	26.68807	17.0788	8.60046
24.47134	7.21797	18.23995	34.8793	0.48868	18.98299	10.89004	8.90288	8.91751	4.51776	10.47546	19.68688	0	0.37289	16.64693	10.17179	2.58015	5.91384	5.15222	5.03835	0.07864	11.55789	2.29327	19.22304	17.89631	0.71674	0.20848	3.44667	0	3.48667	4.27828	13.97142	17.76571	1.62817	12.45717	0.6385	29.80081	24.07024	16.6622	11.03466	30.24717	19.94292	3.30556	6.95979	8.93323	32.14222	4.84473	7.40003	0.29832	0.18214	7.85658	20.60498	6.58525	39.22626	38.66778	8.54638	19.30771	21.8179	20.33274	29.41954	12.42117	36.36396	10.70354	35.99158	40.92506	8.64724	6.59114	10.09423	6.97577	9.66448	5.16933	14.15084	12.18267	19.02096	2.47565	11.15692	7.78224	10.74474	13.98412	17.66926	12.44113	36.19188	40.95	9.27483	31.69498	7.90522	23.8975	12.6	15.61551	19.85533	29.11376	0.72544	29.27898	0.1097	7.08494	6.70709	0.03024	33.45573	13.77352	3.40376	3.44476	8.55214	17.54546	24.27113	24.33735	26.7187	19.1482	5.11333
19.35112	5.81758	16.42995	40.08181	3.75125	32.93073	10.34477	13.56701	12.03516	9.38001	9.03802	12.31785	0.07502	3.42297	15.651	22.87341	3.65226	17.16804	7.17	11.80531	0.00946	11.22584	13.46431	19.51883	14.24867	1.65319	3.96953	4.34	0	1.17	12.10687	11.35056	17.18392	5.32984	7.80899	4.02118	21.18055	25.95407	26.60164	9.48664	24.04837	18.19273	10.17	25.10303	25.34303	40.37444	5.67575	5.1281	0.77894	0.3097	5.0712	15.42937	8.37644	27.32324	33.61556	13.97815	18.45698	17.84733	14.47776	35.63568	25.48207	29.59716	16.27078	38.60618	29.06146	8.5168	5.98273	7.96456	9.86217	1.29018	4.72883	33.47727	22.94226	25.52583	7.57843	8.85573	19.03291	4.64445	9.35752	15.35384	15.03174	35.9906	40.95	13.77297	33.22562	10.77582	36.6448	23.22	24.31034	36.67683	22.61242	1.77326	18.09147	0.80422	6.88795	11.28906	1.33133	25.75732	28.64602	4.23165	23.13391	8.60753	10.45752	18.17811	26.25291	25.26967	11.48288	3.37467
7.66678	6.05981	12.17699	40.63881	9.90461	37.94193	8.45099	15.67031	14.82961	15.52209	7.9002	9.42584	0.34639	14.42839	15.12437	22.16559	5.76866	23.15185	7.88889	16.93714	0	5.87271	13.42475	12.35807	11.73984	4.07338	14.81055	6.08333	1.85333	1.92667	16.39069	12.63089	16.00156	9.36006	2.13656	12.55439	14.87068	21.26013	30.113	10.33909	24.85946	18.37117	24.91556	24.99261	24.43675	37.09667	6.69729	4.39419	0.58802	0	2.73546	20.10674	20.16418	18.69044	15.54111	21.4323	14.69226	19.99	10.11895	32.79771	39.9749	28.61347	28.02157	36.04498	31.30754	16.115	6.71109	8.56635	13.98779	1.56023	2.54774	27.45944	16.05324	32.28073	14.64237	5.41659	20.68875	1.76824	5.23829	14.00224	16.89924	33.16574	33.2466	17.12885	36.77811	25.69343	40.44363	40.95	29.66361	37.45976	19.03278	14.59022	11.99959	4.83523	5.54194	12.21103	18.85004	21.27126	21.28367	8.64981	32.78026	9.65659	12.10108	18.66716	22.59415	16.92294	12.72032	3.52785
9.60001	6.62239	10.8456	36.91006	19.12016	36.21257	8.76941	14.7874	14.05127	16.97427	10.33006	8.56409	3.43356	21.97783	13.50616	16.62782	11.54007	17.54993	10.04444	17.53335	0.19939	4.75095	9.87616	8.94129	8.65868	16.50684	38.05224	9.94333	6.36667	3.62333	14.82263	14.91197	12.06916	8.62073	0	16.78516	12.97985	17.25125	27.66424	19.20901	20.82363	22.21026	23.90667	22.2844	9.21203	21.20333	12.05871	4.30426	5.32319	0.00746	3.67851	16.26501	17.81328	14.55002	8.09556	36.19553	15.35198	18.37319	10.3098	25.12525	39.83976	26.73887	33.7771	29.31208	35.49556	28.24556	7.60165	4.89157	19.10194	1.51523	1.93838	11.54192	11.34499	26.6726	12.57148	3.26813	14.69624	0.97186	13.05512	11.39718	15.58449	26.54652	10.57141	20.48542	30.24711	40.22005	40.95	40.95	33.8204	30.15591	14.87383	35.10579	14.4461	10.27523	6.0794	9.46786	20.58838	14.11171	3.93538	24.52843	34.527	14.02657	12.00158	17.4206	20.33019	13.34093	24.12789	3.80448
10.30525	4.21618	12.7226	26.7139	25.71912	37.05327	7.1165	11.06408	12.80799	13.57549	6.76542	12.32459	12.55536	15.60305	11.92443	14.21851	16.71061	14.69436	11.09778	9.20601	2.8659	5.50653	7.37289	5.87244	6.67266	39.45079	29.312	12.64667	11.11111	3.86333	11.98939	14.30473	15.07687	2.63954	0	12.4362	10.87654	20.74342	22.31114	31.66663	17.65886	21.5586	12.35333	25.06892	6.52575	9.45111	29.00831	2.25858	12.02021	0.00344	3.20113	15.999	26.42205	13.39799	6.61667	36.011	15.35316	21.1034	10.34635	15.34235	25.24794	18.77982	27.10233	31.11963	32.98567	34.28819	9.84982	6.1069	27.16421	2.85072	9.34021	5.30533	9.64562	13.67585	9.71438	4.1725	11.12692	0.76887	36.73554	10.95139	17.45883	20.24249	12.40413	19.30329	26.475	39.54127	40.95	30.42	28.99563	28.66592	12.56257	36.31719	12.79578	14.45016	3.65642	4.07432	2.59423	10.69201	1.47837	40.95	26.15928	19.35151	12.29691	20.23346	20.47233	14.42135	30.48648	3.71971
12.95919	3.29988	10.67084	17.46482	30.70651	34.28643	6.68874	10.78761	8.6395	13.15464	5.51616	15.0186	22.67337	15.41099	10.31743	9.70337	13.08014	15.672	14.46667	2.46523	10.26502	3.58569	6.26931	4.3982	4.5901	35.75503	21.07243	13.04	8.08889	2.92	10.48073	16.26753	16.05498	0.74691	0	10.04496	12.14534	22.30646	18.98537	40.81546	19.79183	24.06688	10.66444	25.53545	4.69031	3.2	39.53049	6.54149	14.59179	0.21213	2.84019	12.8604	15.13761	13.52402	6.25	34.68542	13.34333	10.80341	12.58803	6.9717	21.54884	12.32329	25.36898	28.99791	23.92273	35.33287	11.09267	9.69419	28.53233	2.41658	28.91935	3.24973	9.19256	18.22123	14.02926	6.15022	9.73659	1.60859	35.11803	14.17491	16.56076	13.02749	8.3858	13.76589	25.67631	30.5606	40.95	7.3	22.31048	28.7392	12.58249	31.44737	5.55292	12.06424	4.32455	3.30214	4.72715	8.99492	0.44548	39.93494	16.11236	20.19634	11.15919	24.70897	20.70072	14.22222	26.39486	4.99553
14.14204	5.90355	11.14874	17.34118	32.20357	29.81638	8.23132	8.57303	7.66611	8.15466	5.5467	19.76254	27.17179	18.80952	10.63297	6.80171	8.85666	11.54974	12.94556	0.60773	8.06638	1.50058	8.3201	4.92677	4.68912	23.25547	16.75727	8.71333	7.08	3.27333	11.48039	18.40946	15.70272	1.04077	0	8.75735	21.51064	23.08709	16.1791	40.95	19.58499	22.93479	9.69444	23.10909	3.45791	4.34667	40.95	9.66102	16.38827	1.0161	2.41961	6.86258	3.43047	12.9654	5.3	29.48507	14.43063	8.30769	14.79911	2.83181	16.10974	11.77913	24.37844	22.05921	15.50671	29.05789	12.49893	8.45281	28.36133	3.53282	30.28812	3.01386	11.63707	19.58443	17.81431	6.69053	10.69956	2.28714	20.13543	17.18173	12.37396	10.73936	6.8868	8.65199	23.64393	18.75853	39.37268	3.35	19.95666	26.64833	15.99682	27.36505	9.47161	15.06346	6.4841	4.48816	9.35352	8.28331	0.36944	26.44137	13.23789	16.53393	16.47763	18.37214	17.91698	14.21948	18.44927	6.011
13.16239	5.84264	10.42399	19.71794	29.12537	27.22221	9.11595	9.40125	8.43622	7.34667	4.78866	21.63156	28.83289	18.05854	12.29281	5.51857	5.71563	5.75514	8.87	0.30444	7.32503	0.90483	10.9775	7.49428	5.49611	10.76484	11.11313	8.59333	5.77111	3.87	8.56007	18.83184	18.69098	3.66867	0.02653	7.66279	33.61489	27.24369	17.57252	37.21399	19.01213	17.74507	8.53778	21.31194	3.34366	15.05111	30.85719	9.90107	15.03817	4.47176	3.31491	2.43498	1.79915	15.76486	4.79778	21.74032	14.65909	7.09364	13.58369	3.12928	10.11622	11.72427	17.27863	18.14221	9.4463	26.43042	16.28127	21.99354	19.02855	6.03231	18.76647	3.02187	11.65797	18.06339	10.74967	7.31987	11.58681	0.94134	12.52809	18.21248	11.52756	10.71693	6.40217	7.73843	18.05031	15.5251	34.36058	5.63	20.37133	27.22388	21.34443	20.05398	21.56973	11.62234	6.67784	5.53919	12.06441	10.72851	0.29599	22.63643	9.70369	14.68536	19.42452	15.2512	16.58536	15.73487	10.66929	6.56287
18.13667	7.93333	12.98	20.22333	25.29333	24.17	10.66	6.21333	8.13222	6.65222	3.85	22.95667	29.14778	12.57333	18.09	4	4.76889	5.08444	4.39556	0.08667	9.04333	2.50667	9.63	7.81667	6.6	5.93111	8.95	6.90333	6.46444	11.22333	7.02333	16.76889	20.26667	5.95	0.43	7.94	33.92444	32.14889	19.75	21.00556	20.81	21.67556	9.01667	14.06778	2.10333	33.84444	12.04778	13.27333	10.19444	10.11889	5.06	3.65333	4.38	16.18889	9.42667	21.28333	14.08556	8.46	18.15	8.24	9.90667	12.84	18.31667	19.62333	7.24333	24.45	22.19333	29.38	15.41	9.47	12.54333	2.80333	12.47667	23.75222	2.73	9.93111	12.31667	1.06667	10.66667	19.65667	14.35	11.33889	4.64333	7.95333	16.83667	14	27.05889	4.97	18.37111	23.50222	22.22667	14.81	21.76	15.78	5.72667	6.11667	11.29	14.71222	0	19.03667	8.31111	19.33556	22.18778	15.25556	19.70333	15.42	6.76333	6.25
11.84727	7.49741	10.94063	17.89322	22.93262	20.02928	12.29813	6.82862	7.14092	8.81297	3.79387	28.88058	24.92823	11.43599	14.26456	13.84132	2.83548	5.53698	3.64	0.28226	13.97218	3.6957	8.25281	8.29599	8.65199	3.29687	8.05915	6.66	10.95556	12.78333	9.20625	16.91211	18.27762	12.48489	4.45089	8.0829	11.70972	40.2627	17.17273	12.11415	40.37211	28.89076	7.52333	11.93806	2.28421	40.95	5.67564	15.76393	5.56643	11.19631	8.31823	4.66502	5.29823	13.62283	12.73556	16.07997	15.45855	8.92964	21.99225	20.86884	14.1408	14.99625	20.12406	26.70755	8.53583	21.49567	20.23829	28.54955	11.0555	9.31878	9.68147	4.87435	16.80094	29.08535	4.51955	12.24962	8.2557	2.70097	10.11533	20.59053	15.89669	12.943	8.10758	8.90553	14.04903	20.97191	23.96445	7.21	19.44458	21.69615	23.62474	12.71248	21.3849	12.12862	5.65418	5.32796	16.89499	20.21783	0	24.70316	7.71817	28.02412	29.99068	19.489	24.43502	15.76131	3.84531	4.19741
11.395	7.28885	11.34561	10.81106	22.77886	24.62206	12.46111	7.56436	4.57295	8.02938	3.25122	27.23685	21.3181	8.99929	6.12527	23.5072	1.37834	4.79901	4.68333	3.32675	12.15903	5.16237	9.56987	12.49984	13.01349	8.21486	7.53203	8.09	12.38444	13.02	7.3261	17.20265	16.6346	9.54179	5.68493	3.34938	3.73794	39.67791	16.09169	10.97916	38.46575	35.63198	8.61	10.05751	3.32852	29.92333	3.00453	21.93553	7.22523	7.35828	10.68582	5.03149	3.45097	23.2759	14.17556	14.10978	19.71425	14.6564	26.11584	35.20646	15.41026	19.29051	15.45779	32.14301	9.74477	24.85865	21.26962	8.53747	9.61677	17.51055	6.626	9.59964	25.66609	32.13824	6.65471	13.50193	8.15228	6.55344	11.57012	19.84338	20.45935	14.42285	10.31856	11.02859	15.72571	23.91711	23.07422	8.08	21.3471	22.50575	26.51257	12.65458	23.06274	10.62167	7.65829	5.41609	18.33094	25.89903	0.04306	20.19118	8.99155	35.21324	35.99052	23.74504	27.70728	20.13659	2.17432	4.01213
5.99136	8.12108	16.06542	4.91839	23.50529	20.68382	13.8586	7.60889	4.24252	7.71956	4.09149	22.62431	16.45558	7.99875	0.4209	17.46552	2.09449	7.79283	10.12111	3.69939	9.06471	9.00044	9.25806	15.41138	22.57507	25.49444	8.18823	5.19	7.43889	14.9	6.31089	17.40967	10.42599	3.1722	5.87822	1.80158	4.2556	40.16767	13.98024	11.8789	29.13775	40.90677	9.49111	8.11637	3.384	12.52333	4.02568	30.84024	12.61994	1.92309	13.79687	6.36549	5.92806	35.40092	16.37667	12.78069	23.45828	18.15217	29.13146	37.68593	16.67485	23.65486	12.95	33.52034	14.42851	30.50196	17.82804	1.0112	10.36415	21.13984	7.11347	16.16086	24.69401	38.81443	4.5834	12.20795	4.92015	13.2718	13.24847	30.9302	28.02089	18.46214	10.28008	13.25748	17.11088	36.71056	21.56097	9.64	22.53613	24.20098	30.81532	15.00837	27.17179	8.63628	6.06179	6.3699	29.98098	28.1148	0.8065	24.39049	13.35322	32.09033	31.85671	27.17915	31.00425	24.51389	4.23887	9.02653
0.64167	9.14555	12.80142	2.91277	24.46336	14.41482	12.73149	6.48069	5.32548	10.12662	2.70856	11.71561	14.31107	11.23829	0	12.85845	5.5833	12.02213	18.53778	6.54804	7.13865	12.18978	5.91252	16.23986	27.42281	25.06566	11.89347	5.82667	3.16222	12.06	5.77257	15.46832	3.10887	0.3303	10.76842	1.79361	5.52581	33.25048	20.33126	15.26728	17.61908	40.73597	12.6	8.69008	11.33059	9.74889	5.1974	24.50961	8.71616	0	16.18557	6.61496	9.11468	35.78463	18.85222	13.5646	31.40419	20.09688	32.60542	31.45977	23.46723	32.14991	15.45735	36.15283	16.71005	30.7998	26.21749	0.23061	11.86169	2.92983	9.186	22.70283	19.69561	38.74383	2.84948	10.06031	5.03395	18.13107	23.48287	39.66515	36.37112	21.57906	14.6407	18.58008	18.39472	35.68589	24.5552	9.57	22.13418	26.89452	34.92419	16.33413	32.19484	10.79594	7.9716	9.3528	18.47171	21.19459	2.60941	32.05556	12.09514	5.89804	28.13244	32.65552	33.04414	26.73512	6.22695	30.6875
0	11.01943	9.97133	3.51976	24.50691	15.41091	7.83595	9.91934	9.43646	12.55564	3.63605	1.72863	10.40131	12.2692	0	12.71367	8.87323	17.24974	18.33889	13.42059	3.57148	11.80893	5.52288	13.79494	22.39176	24.00622	13.87866	9.32667	1.39444	10.73333	5.60658	11.21566	0.06343	0	13.4111	3.3348	4.04811	28.78647	32.2813	26.70982	8.29065	40.41121	13.32556	10.28699	19.52142	12.82222	13.42311	5.84387	7.93083	0	13.7149	16.8332	15.1619	14.15723	20.33444	16.82359	32.1156	20.60009	38.32845	19.729	40.28522	38.07738	26.38078	38.97232	21.362	24.56151	28.54102	0.0979	13.44339	0.08082	6.08514	18.42578	10.72122	35.39108	2.07462	8.18462	11.80523	19.98275	38.66319	38.34723	32.631	23.35805	27.38641	27.22612	18.84945	30.49412	33.47353	12.87	22.86602	30.7536	35.45827	17.04424	37.58169	10.86318	14.25026	12.42958	9.04831	12.24533	5.93711	30.18282	18.37409	5.81423	21.91137	33.88024	34.40983	31.07487	4.64214	35.29886
0	12.80203	0.10539	3.13797	26.95752	16.14778	4.64923	11.64533	15.85132	15.68487	3.72851	0	9.17169	9.46447	0	16.12905	13.16348	20.29382	8.52333	15.24522	1.77856	6.67869	5.05428	12.2315	14.47516	23.93887	18.65561	15.16667	0.32889	3.12	6.9954	7.75101	0.08034	0	7.31801	8.31702	3.28712	28.23846	38.38375	34.40774	6.91652	29.91093	18.28889	18.24696	18.08091	12.58444	20.51023	5.60698	6.75039	0	9.51301	20.88144	27.68025	1.58051	24.55889	14.79172	28.00201	20.07724	27.37053	9.50401	40.76851	26.70469	37.54954	25.82561	33.8799	18.28434	31.47649	1.9297	16.73333	0	8.54796	7.93755	4.15494	19.58202	3.76044	6.84052	23.87174	14.96257	39.67891	28.06008	30.05004	24.53886	38.05452	30.023	24.16216	30.64556	40.47821	26.71	28.76485	37.11476	20.34872	21.95473	26.10901	10.18183	15.99312	14.95478	1.4158	8.59209	16.0337	37.49388	18.78145	0.59227	8.67086	21.86514	30.51944	31.25484	2.17968	19.87143
0	15.54643	0.00001	0.03002	30.05308	11.47214	2.31749	14.59662	19.8657	15.34854	3.85024	0	10.01221	7.21696	0	18.48664	19.74277	20.0164	1.69222	5.83574	5.8861	2.47364	3.1841	10.99771	10.8583	22.75769	34.45406	12.75333	0	0	9.58515	4.22099	0.15433	0	1.27128	12.82397	3.69312	12.57843	40.19185	28.43099	5.05453	10.82054	25.57889	23.07606	19.97179	12.76222	27.49238	4.55472	6.60553	0	2.79495	8.17858	10.27073	1.92673	30.74222	13.38409	16.88756	17.06082	22.66357	2.86813	27.54865	10.61251	38.43695	16.27495	35.30507	18.82244	15.3684	0.37441	23.15768	0.29953	11.96721	3.40549	1.63278	5.92954	8.76324	5.19327	24.21259	9.05647	39.91797	12.64912	39.54675	23.55325	22.32283	35.74273	36.50694	25.56134	40.95	40.95	35.06729	33.69732	6.38284	35.10139	6.18023	8.81572	4.78022	16.43432	0.14046	5.3648	23.71678	16.34933	22.72584	0	2.6229	7.48058	13.29612	19.55696	4.03963	10.17275
0	7.54709	0	0.02381	28.11222	1.90412	1.02781	13.81706	20.53411	12.72383	9.2782	0	8.59528	7.86797	0	15.46656	25.58225	15.707	0.11333	0.26401	7.4104	2.27433	0.98884	6.41474	8.96446	20.47979	40.65517	0.73333	0	0	14.28638	3.25607	0.01668	0	0.18061	7.99544	5.05296	6.92474	40.95	20.8777	6.49536	9.00785	30.43444	21.76455	11.48457	7.10778	31.13785	2.69748	3.09926	0	0	0.5577	1.23169	2.41782	40.42778	17.09713	9.71199	22.07755	16.69663	3.96924	13.00136	12.41775	40.4755	14.1282	18.68387	15.27806	6.57733	0.44104	29.91857	0.12005	15.21775	3.65615	0.87474	2.38177	11.91703	4.91826	22.32991	2.72624	40.95	2.28645	34.45521	27.48791	7.34144	28.52337	37.23158	17.94145	40.95	40.95	33.79806	24.31713	2.92185	40.95	1.88026	11.86058	0.79717	9.78065	0.00264	0.37684	15.52862	3.7681	33.85258	0	2.41153	1.27754	4.03508	8.78091	6.82962	4.92275
0	0.34352	0	0.15083	27.64184	0	0.22526	11.55448	15.99158	7.2881	10.15716	0	14.28648	10.05582	0	10.49376	27.8633	10.18669	1.24667	0	9.63084	0.85597	0.01591	1.39634	3.74868	14.11369	40.95	0	0	0	14.07745	1.46376	0	0	0	2.16856	6.26023	7.32845	40.43741	13.62765	6.70384	8.71626	25.43778	18.11557	10.31641	3.55111	24.59111	6.36114	0.54384	1.16472	0	0.02492	0	0.96609	40.61889	22.01012	9.74678	23.5807	8.99451	3.78193	5.76105	11.84548	40.91619	10.01869	8.54082	10.43858	5.11147	0.4655	27.82969	0.15296	18.64691	2.13968	0.67931	0.43253	16.76974	9.20408	26.44961	0.01182	40.95	3.21042	26.74567	30.02803	2.95135	7.64237	22.5081	18.40984	37.5243	40.95	22.7809	16.56529	1.77469	40.51117	2.06786	12.75423	1.78583	1.68114	0.02023	0	7.34774	0.56262	34.95109	0	0.90594	0.75752	4.19082	8.31114	4.96344	2.27924
0	0	0	1.1696	28.35839	0	0	10.22332	9.73197	4.47416	6.60341	0	18.86242	18.99308	0.04401	4.98436	23.62274	3.61267	1.30333	0	11.53418	0.09763	0	0.01105	0.52138	2.18202	40.95	0	0	0	6.89529	0.47614	0	0	0	0.17553	6.72968	5.10258	26.79936	6.63441	9.32458	6.50279	15.46667	10.86912	10.1739	4.93444	15.34508	3.92587	0	7.58358	0	0.55596	0.0205	0.16273	37.45222	24.37184	3.71216	28.15616	9.30089	2.84984	7.73311	11.40439	38.65791	9.08113	7.6023	11.38841	4.64221	1.64503	18.4788	0.04353	20.75189	0.72586	1.88393	1.02211	27.64756	7.41973	36.63441	0.055	34.72819	1.53061	23.23117	29.05086	3.82812	7.43426	11.45633	21.66917	27.28728	30.64	14.239	8.49601	1.67083	40.95	2.89792	9.75159	3.62567	0.36458	0.33864	0	0	0.29681	32.87116	0	0.27459	0.11906	5.37179	10.30241	3.22139	4.625
0	0	0	3.98458	23.27615	0	0	6.63415	8.0847	0.03022	2.6445	0	23.24435	11.30431	0	0.77093	12.61005	4.52642	0.34	0	11.79175	0	0	0.02437	0	0.17861	16.16069	0	0	0	3.88062	0	0	0	0	0	4.57722	4.67948	12.39118	4.48417	7.79041	7.11651	5.23333	5.71083	8.06789	6.64	12.1144	1.96746	0	15.85512	0	0.79635	0.8071	0.31666	29.64444	25.18238	2.84157	21.38487	5.45954	2.48866	9.00658	9.89684	39.29217	7.49172	7.87895	9.77697	3.05725	2.30754	11.32982	0	25.76887	1.31582	0.22716	2.71593	25.31938	7.96733	33.85199	0.76967	18.10194	2.84653	8.28046	24.95845	4.50704	9.31707	6.92001	15.04451	19.73649	22.65	6.21871	5.53494	1.98616	15.95476	1.49361	13.64725	3.44871	0.114	0.0196	0	0	0.18521	36.78053	0.05418	0.223	1.92055	2.72733	9.20328	4.97573	3.43568
0	0	0	2.24874	19.35725	0	0	3.39861	4.73827	0	0	0	29.86954	7.38248	0	0.03525	2.56145	0.85815	0	0	11.23853	0	0	0	0	0	2.11365	0	0	0	1.51653	0	0	0	0	0	4.84536	4.64186	5.66965	4.20768	6.51336	8.1963	0.93111	2.9858	7.9066	5.31444	10.97466	3.22337	0	10.70501	0	0.24956	1.1124	0.58643	20.51444	22.38336	2.89333	13.10586	4.72142	3.71112	6.43678	6.48071	40.89631	8.26839	7.2898	9.61918	1.78243	2.3024	5.5776	0.21784	31.856	1.42579	0	3.15793	6.55915	7.29611	13.5983	0.33387	9.97418	1.66603	6.99923	14.75657	4.0877	11.5763	4.45558	16.18068	13.90311	5.78	4.17653	4.72255	2.67973	1.97949	0.77421	17.18199	0.69077	0.03421	0.23937	0	0	0	15.17851	0.59864	0.37616	1.45175	3.02645	6.38166	5.25053	6.571
0	0	0	0.52632	14.03205	0	0	1.14778	1.21927	0	0	0	17.82496	2.92246	0	0.00537	0.27798	0.05165	0	0	2.76944	0	0	0	0	0	0.0929	0	0	0	0.0044	0	0	0	0	0	4.67554	5.42384	4.67079	4.99263	7.26591	7.70281	1.00667	2.70747	6.68676	2.75556	5.16978	3.49429	0.06377	1.20314	0.00499	0.04378	0.20965	1.0525	10.57	23.9902	3.71594	6.21722	7.26521	3.57286	9.65658	5.89345	37.58575	7.03301	7.46499	13.93405	3.42844	1.72515	4.19771	0.87276	17.25658	1.69174	0	1.27416	0	4.69557	1.00848	0.74057	5.69707	2.99739	9.85725	8.44654	3.7898	10.42547	3.75571	14.69231	12.64849	5.35	6.31643	3.19818	3.14069	1.05261	0.29035	14.94403	0.67704	0	0.96433	0	0	0	0.12958	0.10631	2.03415	0.52009	4.15226	4.2725	3.96759	7.60302
0	0	0	0.38152	6.72004	0	0	0.01288	0	0	0	0	3.10467	0.2995	0	0.09557	0	0.00036	0	0	0	0	0	0	0	0	0	0	0	0	0	0	0	0	0	0	2.8913	8.93468	4.62195	4.63222	6.60764	9.48067	0.87667	1.99205	2.96796	2.05	4.0941	2.92052	0.17753	0.3779	0.02863	0.10703	0.00027	0.66985	4.01444	20.21851	1.39978	7.08849	9.33709	2.46655	11.8615	5.26335	23.38079	9.99874	8.5536	12.83376	3.11439	1.83442	1.25733	1.65139	4.57364	0.65649	0	0.84131	0	1.43843	1.22387	0.49281	6.39264	4.05755	7.14144	4.73524	4.54455	9.32375	3.11789	5.78802	8.04275	5.19	7.05229	2.16622	4.08202	0.05031	2.52425	6.17806	0.23711	0	0.30128	0	0	0	0	0	5.29961	0.6258	2.84009	4.3405	2.44373	3.40093
0	0	0	0.06285	2.45288	0	0	0	0	0	0	0	0.0306	0.25969	0	0.12114	0	0	0	0	0	0	0	0	0	0	0	0	0	0	0	0	0	0	0	0	3.46881	8.69727	6.60048	3.67295	6.62928	6.45381	1.17667	2.37573	0.98805	1.41222	3.5416	0.56266	0	0.02329	0	0.18734	0.76679	1.08754	3.31556	17.36136	0.92143	2.82634	7.0467	2.68213	7.75619	7.25186	10.32128	10.7318	7.73901	10.43625	3.2882	3.60875	1.96451	1.55179	2.42352	1.30728	0.3406	2.36204	0	0.7658	2.69184	1.07437	7.27379	3.87089	5.20956	1.9795	3.88424	10.38134	1.35895	1.65233	3.52507	4.24	3.8144	2.09574	5.37938	0.47417	2.83246	0.9466	0.01157	0	0.02548	0	0	0	0.1391	0.35174	1.91366	3.12598	1.22032	3.33159	1.15972	0.97485
0	0	0	0	0.06125	0	0	0	0	0	0	0	0	0.24929	0	0	0	0	0	0	0	0	0	0	0	0	0	0	0	0	0	0	0.12232	0	0	0	3.64691	10.50298	8.2449	5.1041	6.38742	7.8823	1.37778	2.97993	0.22228	4.16222	2.22391	2.84537	0	0.04877	0	0	1.34946	1.71966	4.2	14.42237	0.7538	2.11572	6.5044	2.71293	9.03126	5.9334	4.86215	7.64908	8.21347	7.45279	3.73524	4.81192	2.67763	0.81204	1.89964	1.58627	0.52448	1.78859	0	0.11781	3.41274	0.45002	10.3914	2.88332	4.55057	3.64551	3.92581	5.58211	1.81143	4.55314	2.99923	4.09	2.68731	4.6841	6.08636	0.82864	2.29781	0.09044	0.06025	0.06935	0.0226	0	0	0	0.16053	1.01723	2.66356	2.40439	1.07138	4.33044	1.24914	0.47146
0	0	0	0	0	0.24059	0	0	0	0	0	0	0	0	0	0	0	0	0	0	0	0	0	0	0	0	0	0	0	0	0	0	0.698	0	0	0	4.23299	6.32036	8.85983	5.29372	5.37414	4.23981	1.25778	1.41792	0.10953	9.56	2.37828	2.74583	0	0.02905	0	0.19019	1.22208	1.78267	2.40444	10.22841	1.66572	1.08812	3.55332	3.25048	9.37828	6.87711	6.39901	5.90888	7.73204	7.26166	3.19094	6.93595	2.72211	0.09914	1.09202	1.2996	0.04643	0.09441	0	0.63068	1.13929	0.44103	5.18435	1.00237	4.43432	3.91872	3.67489	4.564	1.58361	1.64497	2.40157	3.31	4.56078	8.29367	5.56522	1.05403	1.74961	0	0.55745	0.05186	0.49815	0	0	0.73738	0.18274	2.04392	3.49494	1.27019	0.53022	4.49911	1.27826	1.87063
0	0	0	0	0	0.47989	0	0	0	0	0	0	0	0	0	0	0	0	0	0	0	0	0	0	0	0	0	0	0	0	0	0	1.20141	0	0	0	2.72012	6.31657	9.46087	4.36608	5.03723	8.67007	0.38889	1.56564	3.10375	9.33889	2.40409	1.77008	0	0.06087	0	0.77182	1.14849	0.97168	2.57444	3.96838	2.25949	1.26664	3.34851	2.19999	7.06828	9.49302	8.53693	6.50037	6.4871	6.21884	2.15176	6.81028	1.6688	0.08053	1.33628	2.98778	0	0.22509	0	3.29522	0.19469	0.19006	4.94093	1.22879	5.84545	3.12485	5.08419	3.93236	1.9515	0.48788	3.07943	4.27	5.29646	5.52954	2.75951	1.65631	1.97175	0	1.48897	0.00817	0.14901	0	0	1.69487	1.43683	1.92992	3.99105	3.42487	0.30286	5.15196	0.96944	1.68768
0	0	0	0	0	0.51795	0	0	0	0	0	0	0	0	0	0	0	0	0	0	0	0	0	0	0	0	0	0	0	0	0	0	0.91618	0	0	0	4.2373	3.05728	11.65149	5.53946	4.39805	7.24268	1.17333	1.8024	5.39373	6.70222	1.8738	2.00026	0	0	0	0.72768	2.62563	0.17233	3.35667	2.32576	2.68306	1.8981	1.1813	1.22888	6.51378	9.32767	7.93954	6.87742	7.47924	5.45298	1.2173	5.54017	1.82918	0.01934	2.0185	3.3211	0	0.13047	0	1.99337	0.6595	0	7.8506	1.26985	8.25252	3.18574	5.62504	2.3949	3.37336	1.35939	3.15523	6.1	5.59898	2.89768	0.99104	2.35022	0.53798	0	0.33038	0.07099	0	0	0	3.01121	3.22734	0.29755	3.61205	2.94448	0.07807	2.25687	0.64346	0.44868
0	0	0	0	0	0.08271	0	0	0	0	0	0	0	0	0	0	0	0	0	0	0	0	0	0	0	0	0	0	0	0	0	0	1.81912	0	0	0	2.81056	4.52972	9.9338	5.29838	4.67205	3.60524	1.44111	1.82023	3.63599	5.99111	1.93003	2.59434	0	0.12628	0	0.18705	2.99013	0.96258	5.17333	3.618	1.78994	1.24433	0.6681	1.15232	5.58005	11.68936	6.87769	6.09088	8.96716	5.98324	1.23782	3.9531	1.78654	0	1.78439	2.06128	0	0.34485	0	0.32754	0.57568	0	9.29165	0.52021	8.41887	3.20743	7.06805	1.25913	3.51802	1.90098	5.48023	3.62	5.30575	2.35224	0.36931	3.16563	1.39768	0.12932	0.70293	0.08358	0	0	0	2.07158	1.76082	1.51806	2.21799	2.91293	0.5932	0.34237	1.91059	0.83201
0	0	0	0	0	0	0	0	0	0	0	0	0	0	0	0	0	0	0	0	0	0	0	0	0.00532	0	0	0	0	0	0	0.06431	1.26112	0	0	0	6.13265	5.92754	7.7976	5.14295	3.12693	3.99382	1.48111	2.00006	0.20232	9.20889	1.80111	1.81001	0	0.28456	0	0	0.97555	1.41557	6.31444	4.14638	3.05793	0.68685	0.04553	0.71507	5.61986	14.43418	6.98521	3.34118	5.74387	4.79558	1.75968	1.85764	2.57588	0.29314	0.63169	3.79583	0	0.47594	0	0	1.5798	0	9.88713	1.65156	7.38003	4.36623	3.10932	2.2143	2.13052	4.93407	7.95817	2.87	2.71122	2.01815	0.08527	1.43043	1.71737	0.95764	0.90137	0.02834	0	0	0	0.0752	1.19864	0.29217	0.50378	2.61589	1.19446	0.56967	5.61428	1.07885
0	0	0	0	0	0	0	0	0	0	0	0	0	0	0	0	0	0	0	0	0	0	0.26689	0	0.00139	0	0	0	0	0	0	0.16396	1.22885	0	0	0	5.76906	4.59529	7.76851	5.13377	2.58287	2.964	0.74778	1.55378	0.7428	11.73778	0.27636	2.63631	0	0	0	0.001	0.04592	2.75324	5.04111	1.67345	4.76539	2.16316	0.14872	1.88565	5.58563	17.13334	6.30137	4.26502	3.17977	4.4415	0.7066	1.0222	3.50918	0.91013	0.8192	3.00847	0	0.12328	0	0.0978	0.67399	0	10.6968	4.10033	8.47031	3.49364	1.48513	3.82966	2.36377	4.9541	8.40723	1.93	3.98422	1.53846	0.6672	1.27881	4.09128	0.0402	0.44793	0.00943	0	0	0	0.41792	0.14309	0	1.70337	0.31261	0.28719	1.34626	6.47448	1.68886
0	0	0	0	0	0	0	0	0	0	0	0	0	0	0	0	0	0	0	0	0	0	0.41506	0	0	0	0	0	0	0	0	0	1.07385	0	0	0	7.62653	5.74193	10.87101	5.63663	3.81848	4.50436	1.18667	1.11565	0.60249	10.17556	0.54808	2.00436	0	0	0	0.07777	0.19537	2.36016	4.51	3.13455	4.01027	0.75665	0.08749	2.48712	7.62113	12.66893	12.79824	4.74124	3.78079	4.99166	0.13266	1.52714	2.4431	1.15527	0.41529	0.67921	0	0.35799	0	0.52746	0.04427	0	11.53472	4.13444	7.00461	2.30306	0.66984	4.64532	0.74419	2.27708	8.91187	2.85	3.58977	2.5211	0.73374	0.80192	10.17197	0	0.02229	0	0	0	0	1.23718	2.01583	0	1.22677	0.00027	0.13061	1.32693	3.69034	3.54398
0	0	0	0	0	0	0	0	0	0	0	0	0	0	0	0	0	0	0	0	0	0	0.0021	0	0	0	0	0	0	0	0	0	0.44088	0	0	0	4.89712	7.56342	9.47542	5.50406	3.86941	9.33761	1.53444	2.16111	1.38571	5.36889	1.87876	1.89816	0.17311	0.08832	0	1.30301	0.8727	3.60668	3.43333	1.37181	2.95736	0.12384	0.00641	1.73602	15.41779	12.48491	15.8458	7.41676	5.30724	4.48624	1.00621	2.28065	0.97571	2.06935	0.28321	0.12823	0.00141	0.01235	0	1.3653	1.03886	0	13.70145	3.88215	9.57994	4.00625	1.05021	4.43428	0.42752	6.62306	8.04558	4.78	8.00552	3.79911	0.63336	0.01874	6.5095	0	0.14294	0	0	0	0	1.73272	2.66062	0	0.93557	0.25542	1.17084	3.35154	3.70019	2.07159
0	0	0	0	0	0	0	0	0	0	0	0	0	0	0	0	0	0	0	0	0	0	0.04116	0	0	0	0	0	0	0	0	0	0.03259	0	0	0	3.9392	8.38924	8.20301	5.08886	2.44133	14.53552	1.96	2.80059	3.54801	3.58222	0.59246	2.58093	0.03178	0.234	0	1.95924	1.45503	2.75435	4.01556	1.87081	2.61047	0.62291	0.17815	2.17762	20.49489	15.06066	17.83507	7.92398	5.4926	3.76263	1.34856	2.44446	0.70985	1.9067	0	0.05876	0.00772	0	0	2.00846	2.86776	0.61466	15.00951	4.08816	12.64698	5.50631	1.67383	3.2388	1.07081	8.2283	5.14735	4.16	9.74317	5.00415	0.56566	0.16205	8.57491	0	0.80911	0	0	0	0	1.33415	2.79217	0	0.35879	0.56681	3.45413	5.06437	3.32704	2.791
0	0	0	0	0	0	0	0	0	0	0	0	0	0	0	0	0.11246	0	0	0	0	0	0.19325	0	0	0	0	0	0	0	0	0	0	0	0	0	4.48819	10.18676	7.68529	4.66486	2.20602	10.58506	1.15889	4.49959	3.34591	1.55	0.17649	2.88354	0.03781	0	0.07268	1.52792	2.71578	2.54422	4.72889	2.18171	1.88599	0.05642	0.02132	3.36059	15.92697	9.0201	15.03826	7.22806	5.0851	3.76641	1.52495	2.87809	0.87427	1.98756	0.06482	0.44539	0.01324	0	0	1.31255	4.3628	1.47556	18.04448	4.43092	11.44213	3.57311	3.49545	3.19406	1.31369	4.49682	4.72769	4.27	11.95546	4.45447	0.26754	0.48451	4.77335	0.70571	0	0	0	0	0.32345	1.88359	0.35278	0	1.03312	1.73475	4.07122	4.92828	2.6488	4.95017
0	0	0	0	0	0	0	0	0	0	0	0	0	0	0	0	2.6916	0	0	0	0	0	0.48096	0	0	0	0	0	0	0	0	0	0.1649	0	0	0	5.14375	11.3858	8.01134	3.48869	3.33656	6.79458	1.25556	4.35454	2.65929	1.44444	0.56682	3.09994	0	0.2791	0.03007	1.3737	4.11014	2.2222	4.66889	1.93111	1.88593	0.78636	0.57594	4.74615	13.71413	13.43107	11.66807	7.60354	7.61959	4.0739	2.36327	3.49073	1.07748	1.99488	0.3716	0.38097	0.14505	0	0	2.08508	1.82102	3.40155	21.51037	7.2956	10.30326	2.17626	4.89148	3.00057	3.70638	3.57143	5.86203	6.27	6.71239	2.93369	0.12052	1.33046	3.76827	1.36522	0	0	0.54935	0	1.34456	2.99965	0	0	1.59426	1.12101	3.79795	7.42613	2.77618	5.15766
0	0	0	0	0	0	0	0	0	0	0	0	0	0	0	0	2.48363	0	0	0	0	0	0.74713	0	0	0	0	0	0	0	0	0	0.75623	0	0	0	6.19648	9.09607	10.42844	1.56578	4.37563	5.8077	2.74111	3.53602	1.70763	3.93333	1.20764	1.43155	0.16816	0.71691	0	3.32245	4.36649	0.86099	4.12667	2.48254	2.8749	0.63577	0.48359	6.59614	16.53208	10.73746	10.99891	9.08924	10.10643	4.74459	2.34709	3.55655	1.26299	1.02657	0.073	0.52488	0.06705	0	0	2.30252	0.05528	4.03826	17.35107	13.24896	8.40248	3.45593	4.76505	3.48103	5.95808	3.24085	4.86818	4.09	5.58196	2.12878	0.3372	3.46798	1.92668	0.20417	0	0	0.71943	0	0.69811	0.23321	0	0	0.86039	0.85248	3.09936	7.16717	2.83554	3.55996
0	0	0	0	0	0	0	0	0	0	0	0	0	0	0	0	0.55693	0	0	0	0	0	0	0	0	0	0	0	0	0	0	0	0.3889	0	0	0	6.61903	9.12452	7.60046	1.09849	5.54108	4.39269	1.41222	5.75515	1.1516	6.57444	2.02071	2.05237	0.22214	0.02234	0	3.95922	1.89715	2.30298	3.44111	1.90262	1.90266	0.60318	2.49303	6.70589	10.46936	7.79955	12.8008	9.69265	8.16123	4.93906	2.2373	4.14203	1.20055	0.33569	0.3103	0.92343	0	0.5931	0	0.70428	0.22125	2.21286	19.87924	16.62682	6.65829	3.93716	4.09785	2.75561	7.85523	1.8427	3.48398	0.82	6.66443	2.49509	2.79082	3.99546	2.54051	0	0.00991	0	1.43131	0	0	0.01628	0	0	0.69007	1.78664	2.93557	7.01913	2.42715	1.40923
0	0	0	0	0	0	0	0	0	0	0	0	0	0	0	0	0.62217	0	0.00222	0	0	0	0	0	0	0	0	0	0	0	0	0	0	0	0	0	2.99967	6.76794	5.81837	2.23612	6.71305	3.77394	2.92667	4.7835	1.20669	8.28556	3.03085	1.42294	0	0.18402	0.04674	1.97805	1.57825	1.55955	3.31222	2.74857	1.86449	2.22328	2.91061	4.19704	7.23511	4.35562	13.56303	9.78381	6.61635	4.1078	2.67348	4.16024	2.12101	2.11315	0.50008	1.47523	0	2.71038	0.0032	0.2462	0.48869	2.04656	22.98034	13.62278	7.43214	4.90096	3.35782	3.54637	2.96341	2.88422	3.24561	4.61	5.27031	2.83967	3.74331	2.95185	4.99038	0	0.01321	0	1.20902	0	0	0	0	0	2.29376	5.51883	3.03972	6.52707	0.86546	2.18106
0	0	0	0	0	0	0	0	0	0	0	0	0	0	0	0	0.0899	0	0.10111	0	0	0	0	0	0	0	0	0	0	0	0	0.77043	0	0	0	0	3.00148	2.44464	7.39172	1.47078	5.46643	4.51756	6.01222	2.36513	0.07927	6.68889	2.39629	1.85902	0.00036	0.31365	0.26009	4.84929	1.24552	0.2462	2.03333	2.24004	2.0089	5.95416	3.78894	2.99528	6.93519	6.50197	10.90172	10.05135	8.17017	2.7983	2.1244	5.13032	2.9884	1.84259	3.5222	4.24165	0.1572	2.1063	0	0	0.56695	1.70801	21.66032	7.93127	13.13807	5.42469	2.71306	10.25989	1.32598	4.72034	3.83121	2.33	4.1025	3.03436	2.98987	1.7833	7.3987	0	0	0	1.53085	0.46668	0.12	0	0	0	2.30161	7.24034	0.48406	7.31543	1.19933	2.22053
0	0	0	0	0	0	0	0	0	0	0	0	0	0	0	0	0	0	0.10556	0	0	0	0	0	0	0	0	0	0	0	0	0.31703	0	0	0	0	4.75634	3.7588	6.50223	1.22501	5.45311	5.43186	6.04667	1.69062	0.58432	6.15111	3.77616	2.75202	0.03531	0	0.98609	2.09348	2.42903	0.0914	2.18556	1.97547	2.16329	3.28165	3.3721	2.73162	6.39112	5.57724	7.52649	8.75302	6.26924	3.15802	2.52786	6.90198	3.45346	1.44963	4.03938	5.32431	3.71599	1.3938	0	0.036	0.02027	1.46161	15.90865	7.16728	11.34544	4.89947	2.65852	9.2739	0.30338	4.5905	3.60552	1.76	7.16377	4.65323	1.64638	1.53386	7.00614	0	0.07683	0.33405	0.91988	0.577	1.15369	0	0.57453	0.00888	3.31222	3.4727	0	8.70732	1.31275	1.9948
0	0	0	0	0	0	0	0	0	0	0	0	0	0	0	0	0	0	0.02778	0	0	0	0	0	0	0	0	0	0	0	0	0.17652	0	0	0	0	3.77788	4.74934	8.06386	3.41828	4.007	5.66267	4.12	1.28439	0.04396	3.07333	5.80132	2.14953	0.07987	0	0.52643	1.30429	3.36043	0.02067	2.83667	1.0227	1.14941	2.26922	5.68913	3.1501	7.41247	6.93574	7.4722	5.81311	5.93752	3.70837	3.60969	7.3832	2.84251	0.6186	2.92439	6.68558	3.90835	1.85016	0.02408	0.10292	0.07549	0.94873	11.34743	8.26891	10.69174	4.38043	2.20168	6.59374	0.35801	4.6812	3.18512	2.15	3.42156	5.79375	0.40168	0.09338	11.77056	0.16134	0.60522	0.44532	1.62375	0.15685	2.71761	0	0.41812	0	3.6093	0.54689	0.00201	8.54008	3.43159	1.19595
0	0	0	0	0	0	0	0	0	0	0	0	0	0	0	0	0	0	0	0	0	0	0	0	0	0	0	0	0	0	0	0.08238	0	0	0	0	4.21469	6.09104	12.32618	4.415	3.92587	5.72581	3.47889	0.85689	0	0.54444	4.23996	3.006	0	0	0.00356	0.31471	1.34609	0.70901	2.72	0.36343	2.42922	1.98368	4.04864	1.84314	8.98116	8.53807	8.82409	7.63013	6.16818	4.77606	5.51416	7.09616	2.87447	1.00285	2.62325	4.09949	4.04244	7.21482	0.08186	0.02555	0.8126	0.24725	9.56108	8.19746	4.61135	3.84458	2.27011	3.26346	1.20903	3.10307	3.60787	5.19	7.35521	4.858	0.17278	0.01724	9.3194	0.71652	0	0.04471	2.02163	0.02124	0.46371	0	0.02246	0	4.39907	1.10696	0.06174	7.40584	4.08537	3.60101
0	0	0	0	0	0	0	0	0	0	0	0	0	0	0	0	0	0	0	0	0	0	0	0	0	0.04002	0	0	0	0	0	0	0	0	0	0	4.62406	6.32705	12.64434	2.4964	7.01608	9.07987	3.63556	1.34239	0.04258	1.71889	1.93458	3.43295	0	0	0	0.03872	1.53043	0.993	1.55222	1.09581	3.33323	2.55298	5.13338	1.93948	8.9411	8.56794	8.5973	11.47275	4.16931	6.29257	2.96852	4.90284	2.37253	3.27899	2.02858	1.91074	3.42556	7.35199	0.40153	0.05953	0.78521	0.28413	10.06099	9.16037	5.57322	4.2066	3.00031	2.56745	2.82195	2.5862	3.76035	4.5	7.86383	3.31526	0.0329	0.13391	6.61283	0.39211	0	0.0268	0.82834	0	0.16604	0	0.53952	0	6.0058	2.50263	0.49694	5.49453	3.42997	6.84685
0	0	0	0.21794	0	0	0	0	0	0	0	0	0	0	0	0	0.08144	0	0	0	0	0	0	0	0	0	0	0	0	0	0	0.13186	0.58691	0	0.02634	0	4.38575	6.87665	8.85317	1.89927	8.52402	8.16579	3.56667	1.62601	0.00431	2.53444	1.35662	2.76722	0	0.13908	0	0.04715	0.04419	0.36923	1.36222	1.16079	3.65069	3.89866	4.88175	2.65546	7.60205	7.26248	11.02725	13.05149	4.10611	6.62923	1.01378	4.68805	1.48863	2.30486	2.23811	2.06908	1.69284	1.27899	0.39883	0.04039	1.17	0.07796	13.26939	9.2062	7.26841	4.18415	3.48006	2.6894	4.9915	0.94173	5.62464	1.56	4.09801	4.4508	0.31558	0.12839	8.48638	0.3017	0	0	0.4867	0.06327	0	0	0.70414	0	6.95313	0.73096	1.36034	4.05275	3.32177	7.45666
0	0	0	0.03499	0	0	0	0	0	0	0	0	0	0	0	0	2.89375	0	0	0	0	0	0	0	0	0	0	0	0	0	0	0.20118	0.87789	0	0	0	3.18299	7.25525	5.24398	2.52717	6.28276	7.65235	2.32333	1.30148	0.50079	2.74	2.6629	1.42295	0	0.34377	0.05445	0	0.1604	0.19494	1.27222	0.62497	3.39273	2.54004	4.29693	3.20442	8.27044	7.08686	11.19486	10.76702	6.19643	7.16929	2.87079	7.08395	1.74789	2.67915	0.67029	1.77226	0.6451	0	0.64328	0	0.39937	0.55605	13.45405	8.56672	3.99579	4.2619	3.49538	1.84444	9.02147	0.24777	5.25719	0	2.32605	5.11236	0.89214	1.72819	8.44395	0.02714	0	0	0.11828	0.33194	0.00526	0	0.04831	0	4.73647	2.04016	3.4363	2.74195	1.95505	7.50086
0	0	0	0	0	0	0	0	0	0	0	0	0	0	0	0	1.68603	0	0	0	0	0	0	0	0	0	0	0	0	0	0	0.00531	1.80884	0	0	0	5.39033	8.0029	3.72014	3.24137	6.80673	8.40795	3.64333	1.64402	0.04163	4.27111	2.54529	4.52925	0	0	0.04653	0	0.42423	0.28983	1.43222	1.58544	3.5046	2.9696	3.55928	3.12731	8.33583	8.62241	8.95792	10.48018	5.28486	8.65401	2.44174	5.32258	1.45145	2.64393	0.12431	1.29286	1.89942	0	0.81866	0	0.04151	0.61262	10.02561	10.36113	4.68531	5.84841	2.09786	1.69217	5.82033	0.78749	4.76365	5.97	3.69887	5.08761	1.54263	1.20431	4.90615	1.14481	0.00496	0	0.00103	0.95956	0.01261	0	0	0	4.70924	4.48866	4.73717	2.15977	0.00018	5.21236
0	0	0	0	0	0	0	0	0	0	0	0	0.00372	0	0	0	0.3741	0	0	0.44588	0	0	0	0	0	0	0	0	0	0	0	1.73186	2.03161	0	0	0	4.16179	12.63963	3.42404	1.75705	5.06779	8.97317	3.23111	2.69465	0	3.98444	2.28569	3.71757	0.00634	0	0.03144	0.07333	0.06949	2.25105	1.79667	1.77185	4.43161	3.33405	2.90889	3.43981	8.70268	9.15598	13.89908	8.97745	5.85919	7.35343	3.30732	5.34851	1.56246	0.93557	0.04658	1.79023	0.8757	0	0.5008	0.0545	0.08797	0.25667	7.96902	11.33332	8.39887	9.50007	2.53962	2.53296	3.42381	0.9997	2.99185	3.72	1.93457	7.50922	2.23704	1.0822	2.136	0.23466	0.42419	0	0.17792	0.94288	0	0.44124	0	0.26432	3.87075	4.17511	3.68223	2.79107	0.36547	3.94278
0	0	0	0	0	0	0	0	0	0	0	0	0	0	0	0	0.10909	0	0	2.11919	0	0	0	0	0.00251	0	0.23689	0	0	0	0	1.48063	1.71513	0	0	0	2.71307	8.36624	4.17913	4.25969	3.73031	4.92335	3.63556	4.78714	0.29248	2.90111	3.42364	3.81408	0.40312	0	0	0.06471	0	4.24168	3.04333	2.28082	5.63295	2.48229	3.54868	2.04311	9.80494	12.17626	14.12551	8.39314	5.12457	9.01366	5.18802	5.79861	1.3126	0.88172	0.14437	2.00611	1.4481	0	1.89302	0	0.35359	0	6.9701	13.26016	6.68494	9.53334	2.50407	1.48409	3.29307	1.77347	3.62248	2.08	1.37478	8.8339	1.68913	1.01961	0.97867	0	0.80272	0	0.25845	0.49391	0	1.01502	0	0.98041	2.77033	4.27878	3.52922	3.74397	1.78669	6.3934
0	0	0	0	0	0	0	0	0	0	0	0	0	0	0	0	0.0005	0	0	3.50978	0	0	0	0	0.01915	0	0.11555	0	0	0	0	0.37801	0.28137	0	0	0	3.19016	12.38618	6.17164	1.65899	3.39504	6.65204	3.23111	5.65361	0.291	1.67	3.3076	3.25376	1.01391	0	0	0.06191	0	4.93539	2.73444	1.39058	3.68025	4.13204	2.80134	2.22759	8.04369	11.32929	10.84138	10.72597	5.09862	10.71756	6.66382	6.17368	1.44801	0.21314	0.14502	2.49544	0.42453	0.72582	1.83806	0.29344	1.94905	0.0084	6.48581	11.94581	7.1923	7.58156	3.07787	1.44083	3.83697	0.36309	3.8258	5.32	1.75264	5.52197	0.53831	0.69758	1.87436	0	0.86364	0	0.68807	0	0	1.24982	0	0.18738	0.80217	3.92873	2.81431	2.46897	3.31871	5.14529
0	0	0	0	0	1.38182	0	0	0	0	0	0	0	0	0	0	0	0	0	2.52946	0	0	0	0	0	0	0.04342	0	0	0	0	0.67084	0.54088	0	0	0	4.89848	13.70545	8.29325	1.07588	4.62581	9.32516	1.94222	5.16628	0.39416	1.09556	3.70868	2.7941	1.74804	0	0	0.02443	0	6.36105	2.84222	0.61814	4.60357	2.06508	3.81752	2.8883	7.73103	12.40481	7.14933	11.78776	6.33968	9.1521	11.15013	3.94475	2.20173	0.59237	0.66384	3.91282	3.0874	2.92695	0.81337	0.29934	1.4622	0.22923	5.77594	8.13599	5.34727	8.76499	4.14669	0.82512	2.17101	3.70425	3.2518	2.17	5.69394	7.95481	0.65762	0.3493	3.30459	0	1.58046	0	0.28487	0	0	0.8634	0	0.00933	1.27632	1.95247	0.81413	2.61043	5.81646	3.36255
0	0	0	0	0	0.5478	0	0	0	0	0	0	0	0	0	0	0.0448	0	0	1.90676	0	0	0	0	0	0	0	0	0	0	0	0.82371	0.51705	0	0	0	5.96365	9.63005	10.26615	1.75368	4.80542	7.22572	1.89556	3.94582	1.52579	1.19222	5.21637	2.12031	1.56334	0	0	1.41877	0.09668	4.46553	2.39444	0.57019	4.0276	3.62432	6.37954	3.89444	6.8852	18.56937	9.6853	9.9383	7.53245	9.42345	11.90391	5.37584	1.94335	3.05259	0.2399	2.53946	4.06346	0.38365	0.15736	0.44737	0.58774	0.2799	6.26899	8.4769	4.44755	7.171	3.44967	1.10212	0.42336	5.37508	4.02104	1.17	6.89211	9.6307	1.10682	0.37768	6.15461	0.12432	1.59401	0	0.03694	0	0	0.58408	0.01669	0	2.4933	0.96128	1.04728	0.92106	6.82781	4.02028
0	0	0	0	0	2.69845	0	0	0	0	0	0	0	0	0	0	0.08379	0	0	1.481	0	0	0	0	0	0	0	0	0	0	0	1.49179	0.10219	0	0	0	6.53076	8.33876	9.80194	4.7764	4.00204	6.65241	3.21778	3.19088	0.13199	1.15333	6.08174	2.47187	2.02685	0.21033	0.04638	2.31114	0.00556	2.95072	3.64889	1.02229	3.61513	3.83415	5.94025	1.86928	5.64726	12.82507	10.12356	7.46922	6.77332	11.60421	7.15775	4.43689	2.72462	1.87736	1.43976	1.2835	2.34409	0.01363	0	0.07552	0.62323	0.01728	5.80857	6.57133	5.20684	4.40885	4.07	3.73928	1.26761	3.95126	3.2593	5.07	6.08556	6.63306	1.14771	0.50166	7.46808	0.65751	0.82997	0	0	0	0	1.06454	1.43716	0	3.24344	2.44377	3.84105	1.26783	6.6472	3.90375
0	0	0	0	0	2.21804	0	0	0	0	0	0	0	0	0	0	0	0	0	0.35535	0	0	0	0	0	0	0	0	0	0	0	1.22526	0	0	0	0	4.87752	5.69022	5.72125	6.02522	3.45938	6.31825	2.92889	3.94927	0.22909	1.42556	5.81005	2.47552	0.38243	0.64938	0	1.15524	0.04125	2.90701	5.23444	0.8681	2.92867	3.5373	5.84804	2.007	4.46276	11.20998	13.53045	6.0071	4.94645	8.40646	7.50682	3.9502	4.52539	1.57331	3.24033	1.27303	0.39428	0	0.39679	0	0.04397	0	8.52117	6.15222	6.40331	3.05921	4.77297	6.1372	1.67818	6.5353	7.5276	4.19	3.8695	5.91669	1.52112	0.80004	3.47372	1.00859	0.39647	0	0	0.04163	0	0.23372	0.58668	0.19367	5.87132	2.15673	2.35429	2.99093	5.04734	4.42877
0	0	0	0	0	0	0	0	0	0	0	0	0	0	0	0	0	0	0	0	0	0	0	0	0	0	0	0	0	0	0	0.47875	0	0	0	0	3.07498	3.6866	5.87275	7.0398	4.81613	5.33857	3.12222	4.62411	0.74077	0.74556	2.20248	0.62556	0.27331	0	0	0.98863	0.26085	2.46123	5.95667	0.90781	1.1937	7.85083	4.33266	2.65981	5.18507	8.95262	8.09911	5.80803	5.04844	9.39574	6.51218	2.1804	3.84625	1.68438	1.78854	1.28643	0	0.68587	1.64904	0	0.16824	0	5.72993	4.36731	6.37294	2.10375	8.39901	4.95713	2.74509	6.1653	6.42359	1.32	6.21125	6.81181	3.10179	1.58079	1.01788	0.13187	0.8522	0	0	0.57108	0	0.00313	0.0253	0.29585	9.42511	1.40649	1.37291	4.53504	3.24691	4.11014
0	0	0	0	0	0	0	0	0	0	0	0	0	0	0	0	0	0	0	0	0	0	0	0	0	0	0.30516	0	0	0	0	1.47904	0	0	0	0	3.64519	3.50808	5.99427	3.57082	5.29666	4.9491	4.69111	3.54196	0.1887	1.06778	2.69279	2.16598	0.03873	0	0	0.56805	1.93515	1.49364	7.14889	3.01775	1.99255	5.39511	4.61738	2.83917	5.4131	10.18659	4.92295	6.53245	3.01299	7.40248	6.30545	2.66369	1.862	2.34349	3.51431	0.44735	0.03502	0.07813	1.81309	0.00251	0.00948	0	7.17076	3.57506	7.40391	1.28713	8.1777	4.12037	5.59105	5.86956	6.14878	1.89	5.63187	4.84076	3.24986	2.705	2.23382	0.00654	1.04696	0	0.0113	1.91191	0	0.11465	0	0.0944	3.47776	2.86189	2.01797	2.73867	2.02456	4.19947
0	0	0	0	0	0	0	0	0	0	0	0	0	0	0	0	0	0	0	0	0	0	0	0	0	0	0.65265	0	0	0	0	2.91719	0	0	0	0	5.0741	3.32242	3.96886	2.60707	4.57247	9.53922	4.14778	3.36261	0.01299	0.69333	4.35562	3.17977	0.60309	0	0.50489	0.0003	3.53144	0.76192	9.60333	2.70472	1.30661	5.30153	4.92163	4.08476	7.53217	9.7003	2.97192	7.7881	5.02872	7.71244	5.57766	3.13723	1.12717	4.28717	4.88447	0.47444	0.06758	0	0.5887	0.13203	0	0	6.62755	4.06426	8.04637	1.96896	6.4582	3.30241	5.6537	6.00032	5.23914	1	6.60879	3.76603	2.96362	2.65534	3.74223	0	1.16876	0	0.23836	1.25932	0	0.2595	0.0289	0.18322	1.82581	1.67	3.18888	2.26175	4.50305	1.82382
